Year,Scenario,Africa,Asia-Pacific Developed,Eastern Asia,Europe,Eurasia,Latin America and Caribbean,Middle East,North America,Southern Asia,South-East Asia and Developing Pacific,Global
2015,ssp119,0.441848373,0.195254183,0.809689522,0.004188538,0.168889523,0.503851604,-0.024994278,-0.246473503,1.271854687,1.223543215,0.227269324
2016,ssp119,0.106619453,0.036407328,0.504021645,-0.047289371,0.136378765,0.038533878,-0.175562286,-0.716679764,1.593451786,1.753821898,0.028371063
2017,ssp119,-0.225257778,-0.135110998,0.428677559,-0.117289543,0.516823292,-0.137183952,-0.847584152,-0.500598621,1.506606388,1.326626348,-0.112422895
2018,ssp119,0.243256664,-0.00082078,0.184084892,-0.269468307,0.235940456,-0.031818199,-0.419932747,-0.73824091,1.165471363,0.389872599,-0.123882961
2019,ssp119,-0.086132908,-0.221422338,-0.107914925,-0.394830227,0.144848347,-0.088087368,-0.546166801,-0.965789032,0.7075284,1.101738977,-0.254579281
2020,ssp119,-0.17550602,-0.371761942,-0.246160507,-0.872684479,-0.303143978,-0.118165779,-0.834956551,-1.628786278,0.796218204,0.817701387,-0.50837293
2021,ssp119,-0.266268635,-0.612209463,0.062010765,-1.127188683,-0.154933453,-0.195709515,-1.073615456,-1.423459244,0.311739254,0.310238886,-0.503702317
2022,ssp119,-0.427994156,-0.62656703,-0.940668106,-1.605074883,-1.108832836,-0.876980114,-1.769241714,-2.392158222,-0.419946384,0.395926046,-0.874119824
2023,ssp119,-0.863169098,-0.492496157,-1.379563332,-1.889490604,-1.036383152,-0.975205231,-2.296562576,-2.490151119,-1.040586185,-0.217273664,-1.058732616
2024,ssp119,-1.203388596,-0.888447905,-1.737454414,-2.660033226,-1.578117847,-1.16695528,-2.610203171,-3.228556347,-1.60888834,-0.899056864,-1.495756817
2025,ssp119,-1.319062138,-1.42103591,-2.02623558,-3.018399715,-2.043940067,-1.608654785,-3.545841599,-3.780440044,-2.590207767,-1.410752249,-1.887946641
2026,ssp119,-1.90686121,-1.41082015,-2.889970779,-3.851198196,-2.286901474,-2.010259914,-3.93962326,-4.350075436,-3.338228893,-1.435743284,-2.246068496
2027,ssp119,-2.378001595,-1.689427996,-3.456992149,-4.108241558,-2.651508331,-2.680553722,-5.342629814,-4.858037663,-4.30971117,-1.869920206,-2.66506461
2028,ssp119,-2.554531956,-1.933100128,-3.847628593,-4.797162056,-3.309139252,-2.662138271,-5.861787224,-5.444203091,-4.576046658,-3.209100199,-3.018037995
2029,ssp119,-2.614869976,-2.55378499,-4.394227028,-5.640721321,-3.981001377,-3.187562275,-6.167412186,-6.291281891,-5.28623457,-3.417162371,-3.537472809
2030,ssp119,-3.520773792,-2.87008872,-5.589326859,-6.530375481,-4.630155563,-3.908564615,-7.984830284,-7.257997704,-6.480056477,-3.099797678,-4.125225625
2031,ssp119,-3.726081276,-3.00794425,-5.479229927,-6.358246803,-4.268883705,-3.868056345,-8.092450523,-7.152127934,-6.54820509,-4.175549459,-4.221347386
2032,ssp119,-3.659928226,-2.854205275,-5.755307198,-6.931808949,-4.748496056,-3.952930498,-7.92575779,-7.568706226,-7.053264332,-4.264570665,-4.391606905
2033,ssp119,-3.72752943,-2.92863884,-6.290056229,-7.36507225,-5.442708015,-4.022297192,-8.21560421,-8.163346481,-7.19255991,-4.454899263,-4.620161702
2034,ssp119,-3.949320698,-3.26403656,-6.297203064,-7.341959953,-4.970960617,-4.101960468,-8.69405117,-7.88802166,-7.885926914,-4.162412119,-4.6583662
2035,ssp119,-4.194300079,-3.58560195,-6.778205872,-7.740977764,-5.703364372,-4.471999693,-9.344685459,-8.436512184,-8.064703655,-4.731218767,-5.028399976
2036,ssp119,-4.141065979,-3.588332081,-6.909542084,-7.766233921,-5.89555645,-4.328775454,-8.971619987,-8.46369524,-8.014108372,-5.875329924,-5.136549413
2037,ssp119,-4.077227497,-3.803395891,-7.347999573,-8.383823395,-6.323754787,-4.176450777,-9.333656693,-8.989500237,-8.230095577,-5.771696043,-5.351042658
2038,ssp119,-4.242888832,-3.957807922,-7.439071655,-8.204105854,-6.030247211,-4.168407011,-9.389149094,-8.885091019,-8.643980694,-5.750335169,-5.426301812
2039,ssp119,-4.594998264,-3.913636589,-7.680074692,-8.398802757,-6.346374035,-4.488481808,-10.0428957,-9.050236893,-8.647181225,-5.585264635,-5.620259749
2040,ssp119,-5.136942768,-3.884511852,-8.470879555,-9.306277275,-7.025440693,-4.830917406,-11.15063086,-9.849016857,-9.669506741,-5.082399797,-6.000477352
2041,ssp119,-5.044928932,-3.892263556,-8.652998924,-9.02553606,-6.711467266,-4.727013874,-11.19087114,-9.84104414,-9.445883465,-5.95847888,-6.023473235
2042,ssp119,-5.028086567,-4.044067526,-8.759091377,-9.596741199,-7.260993004,-4.963559675,-10.86452808,-10.01800842,-9.522568417,-6.538709116,-6.159992362
2043,ssp119,-5.420643711,-4.298321152,-9.106122971,-10.04418755,-7.437243462,-5.132181692,-11.69534674,-10.52625914,-10.00278635,-6.268408728,-6.496301694
2044,ssp119,-5.554101372,-4.363129282,-9.478408813,-10.11342525,-7.586228371,-5.45235734,-12.05326643,-10.520755,-10.59633417,-6.441580248,-6.59815605
2045,ssp119,-5.865779781,-4.434056664,-9.74744606,-10.29874277,-7.620774269,-5.519697237,-12.54259338,-10.64108343,-10.53478785,-7.054729414,-6.779916462
2046,ssp119,-5.565460587,-5.035516405,-10.24573278,-10.90166283,-8.183671951,-5.516337442,-12.49157419,-11.16410847,-10.94901056,-7.983307791,-7.107392174
2047,ssp119,-5.726232433,-4.875308895,-9.946984768,-10.58290768,-7.754647732,-5.813117075,-12.40342464,-10.66140528,-10.50570745,-7.39508338,-6.969588391
2048,ssp119,-6.121534252,-5.22781291,-10.66918802,-11.24339247,-8.24352026,-6.056395578,-13.08321228,-11.34893866,-11.47201414,-7.764804792,-7.414732273
2049,ssp119,-6.175228977,-5.136244202,-10.83555651,-11.6105504,-8.533563137,-6.283286619,-13.39307871,-11.61748428,-11.08112497,-8.12289567,-7.602886362
2050,ssp119,-6.313127422,-5.259121084,-11.22042274,-12.10065985,-8.931550503,-6.627598095,-13.7351016,-12.07751484,-11.54719038,-8.422172022,-7.896706665
2051,ssp119,-6.516744518,-5.473615551,-11.33763075,-12.18721914,-9.130021095,-6.897649574,-14.25971355,-12.20356817,-11.8425128,-8.032210779,-7.987593866
2052,ssp119,-6.782935524,-5.919164324,-11.55196524,-12.1593442,-9.030600071,-6.611197519,-14.2853817,-12.14992495,-12.02231665,-8.643821669,-8.106409608
2053,ssp119,-6.558732891,-5.759047651,-11.60915661,-12.37463808,-9.070444107,-6.761647272,-14.15247192,-12.16984386,-11.9890954,-8.698298407,-8.050684163
2054,ssp119,-6.542357349,-5.327490473,-11.78881931,-12.53118849,-9.510468006,-6.783794689,-14.1779274,-12.49962158,-11.97394247,-8.748012495,-8.158287525
2055,ssp119,-6.948489094,-5.734801197,-11.81832886,-12.62679052,-9.590547562,-6.979471731,-14.9033412,-12.53977365,-12.15535612,-8.78864665,-8.274391521
2056,ssp119,-7.062997246,-5.876073027,-12.02710485,-12.63027573,-9.330783367,-6.764277506,-15.00928917,-12.5225584,-12.31177301,-9.199793291,-8.286267267
2057,ssp119,-6.674160385,-5.794864082,-12.15680408,-12.67306995,-9.717345715,-6.674653339,-14.5052599,-12.88146944,-12.51469965,-9.376151991,-8.194271713
2058,ssp119,-6.852468395,-6.002730751,-12.46699953,-13.13126564,-10.08576155,-6.940278578,-15.15830936,-13.08697433,-12.80775232,-8.606792879,-8.492303251
2059,ssp119,-6.970796967,-5.884883308,-12.38937616,-12.85651112,-9.74405241,-6.99796896,-15.11926594,-12.4487731,-13.31964083,-9.301600885,-8.343367058
2060,ssp119,-7.03850975,-5.920556688,-12.57677507,-12.68198538,-9.870263577,-6.921890783,-15.22539892,-12.82269688,-12.83324118,-9.512614679,-8.53902687
2061,ssp119,-7.174004459,-5.92425456,-12.82320976,-13.00668335,-10.01750803,-7.089005518,-15.55999985,-13.21435566,-13.27665014,-9.071003389,-8.617864348
2062,ssp119,-7.433058167,-5.786965036,-12.81486654,-13.1998105,-9.954630375,-7.289780426,-15.90864458,-13.0457799,-13.51671858,-8.934830618,-8.526749263
2063,ssp119,-7.343966866,-5.776738071,-12.88676214,-13.24034262,-10.05648613,-6.995903778,-16.02502527,-13.11344738,-13.25679083,-9.713858557,-8.602587903
2064,ssp119,-7.196775341,-5.91719141,-12.72348452,-13.19596815,-9.749554157,-6.956412363,-15.54694881,-12.97063608,-13.3094203,-9.722376299,-8.567864026
2065,ssp119,-7.366365814,-5.924928331,-13.02956676,-13.09956264,-9.903814316,-7.025110531,-15.96946421,-13.12691326,-13.27230902,-9.508924437,-8.675237913
2066,ssp119,-7.046212578,-6.262256527,-12.83972311,-13.07019472,-9.835362911,-7.231936264,-16.00971594,-12.84055109,-13.86349936,-9.567570162,-8.590942037
2067,ssp119,-7.171471024,-6.076146984,-12.74707556,-13.14257097,-10.08411932,-7.242514896,-15.54240408,-13.0930335,-13.18747778,-9.756041479,-8.640136601
2068,ssp119,-7.552634144,-6.031335974,-13.04885054,-13.4028635,-10.31238127,-7.196674395,-16.69435015,-13.42132635,-13.85922594,-9.485583735,-8.855207919
2069,ssp119,-7.358252907,-6.037414455,-12.97551155,-13.36177158,-10.1628871,-6.987172174,-16.12713184,-13.22713633,-13.6306016,-9.703218889,-8.722415767
2070,ssp119,-7.438111687,-5.987074995,-13.3675499,-13.64782619,-10.64550447,-7.427691746,-16.08558788,-13.54952879,-14.04137297,-9.110043001,-8.864808146
2071,ssp119,-7.411361599,-6.219716454,-12.91100025,-13.41228724,-10.22284985,-7.405945826,-16.45706596,-13.18952389,-13.92286749,-9.906153154,-8.783687766
2072,ssp119,-7.116617107,-6.287051344,-13.04411793,-13.59615135,-10.43385649,-7.129183102,-15.83389368,-13.39196749,-13.61050768,-10.20657248,-8.806172175
2073,ssp119,-7.593291187,-6.350856447,-13.37163544,-13.79072428,-10.64253616,-7.292068768,-15.91534224,-13.6639678,-14.17455263,-9.787857485,-8.995770315
2074,ssp119,-7.650137329,-5.980938101,-13.39656448,-13.55801296,-10.52449703,-7.396007824,-16.89285126,-13.39239569,-14.55282469,-9.704272223,-8.891884816
2075,ssp119,-7.690008545,-6.286205673,-13.47449923,-13.62425661,-10.64706182,-7.284573841,-16.49254599,-13.68475122,-14.28135843,-10.05924029,-9.038185203
2076,ssp119,-7.571524048,-6.328730249,-13.4897747,-13.66410351,-10.54418135,-7.21270256,-16.37755003,-13.47909422,-14.47346277,-10.13604207,-8.930756638
2077,ssp119,-7.836192989,-6.240526342,-13.53426075,-13.54482698,-10.45832396,-7.448543119,-16.66680422,-13.6548173,-14.77277155,-9.944164705,-8.999561958
2078,ssp119,-7.831291103,-6.461698198,-13.68663359,-13.97807312,-10.60925055,-7.290580797,-16.4827527,-13.69878454,-14.72609205,-10.42367978,-9.072477263
2079,ssp119,-7.733339214,-6.358720446,-13.59615993,-13.65908337,-10.50579071,-7.298876333,-16.55737295,-13.64117212,-14.69051905,-10.24825115,-9.034075844
2080,ssp119,-7.770304585,-6.518783712,-13.8991971,-13.86659288,-10.92037535,-7.317272711,-16.63697996,-13.91770477,-14.52530546,-10.66343637,-9.098263295
2081,ssp119,-7.719575787,-6.408495569,-13.63861322,-13.64009619,-10.63080072,-7.560345936,-16.72541037,-13.61650534,-14.77119417,-10.17440839,-9.113304219
2082,ssp119,-8.144287491,-6.046411657,-13.81929064,-13.98493385,-10.64391136,-7.426336336,-16.70848074,-13.74980612,-14.98058386,-10.29780288,-9.093537246
2083,ssp119,-7.918095493,-6.439239407,-14.14901352,-14.10550213,-11.01051331,-7.303403187,-16.98741808,-13.83491535,-15.36742277,-10.62165494,-9.208794299
2084,ssp119,-7.641970062,-6.238736773,-13.79029989,-13.91379976,-10.86170435,-7.30851965,-16.55134382,-13.79147024,-15.49749727,-10.41996713,-8.971307813
2085,ssp119,-8.073619747,-6.362821245,-14.23137236,-14.17943048,-11.07333994,-7.546038675,-17.08308973,-14.17008228,-15.89517946,-10.30975289,-9.251305354
2086,ssp119,-7.967599297,-6.05542531,-14.07244682,-13.88977909,-10.68096685,-7.363890457,-16.77099314,-13.58429022,-15.73006411,-10.46856828,-9.064170315
2087,ssp119,-8.09018507,-6.173427725,-14.28936481,-14.09363461,-10.86931562,-7.308238554,-17.0249547,-14.0217845,-15.98163576,-10.47237678,-9.187846551
2088,ssp119,-8.029235268,-6.25195756,-14.41542006,-14.17700338,-10.85746145,-7.435855436,-16.9218401,-13.89039392,-15.58749456,-10.56839604,-9.245093372
2089,ssp119,-7.92854538,-6.395800972,-14.14495564,-14.01556492,-10.82379007,-7.470196295,-16.41942873,-13.78815289,-15.44814272,-10.78048034,-9.160127253
2090,ssp119,-8.223182106,-6.473335171,-14.31839943,-14.25032043,-10.71285629,-7.575743961,-17.24303331,-13.82443686,-15.95187159,-10.3331141,-9.209209844
2091,ssp119,-8.317361736,-6.410904312,-14.42205858,-14.19892263,-10.87312984,-7.442785311,-17.1270503,-13.87176962,-15.99860449,-10.37992425,-9.205282589
2092,ssp119,-7.698953533,-6.424110794,-14.15670538,-13.81833601,-10.62849903,-7.338420439,-16.43447819,-13.54137011,-16.22127981,-11.22624249,-9.075039289
2093,ssp119,-8.002711201,-6.533614779,-14.532897,-14.43520689,-11.13447475,-7.320219088,-16.40106239,-14.0102603,-15.95657129,-10.63233705,-9.232748939
2094,ssp119,-8.381585026,-6.581793928,-14.6510582,-14.37779474,-11.18324518,-7.731816101,-17.28623714,-14.05425806,-16.32526751,-10.45822186,-9.377920162
2095,ssp119,-8.303674603,-6.602170372,-14.58739901,-14.37353468,-11.31280279,-7.752019691,-16.88019791,-14.07211657,-16.06993742,-10.95181794,-9.410265274
2096,ssp119,-8.3026618,-6.50263443,-14.74225712,-14.43402195,-11.38824558,-7.597110558,-16.70660439,-14.17290945,-16.29262705,-10.70812697,-9.424129585
2097,ssp119,-8.26000061,-6.547009134,-14.73945904,-14.24098444,-10.97041416,-7.385021257,-16.87075605,-13.78871078,-16.26587553,-11.0665092,-9.258288979
2098,ssp119,-8.378806019,-6.598710918,-14.75132084,-14.37214661,-11.01567602,-7.671374846,-17.17442455,-14.10962029,-16.67011423,-10.41098113,-9.4051888
2099,ssp119,-8.548685932,-6.655216837,-14.85682058,-14.57877159,-11.40783358,-7.804433393,-17.29293766,-14.27298851,-16.66513224,-10.85295148,-9.557650342
2100,ssp119,-8.604329014,-6.418370152,-14.96540308,-14.63139772,-11.48860788,-7.529284048,-17.24418774,-14.37652082,-16.733813,-10.95892472,-9.519612733
2015,ssp126,0.022258854,0.052444792,0.582294464,-0.059750557,0.023069382,0.407680702,-0.278564835,-0.60724659,1.403617191,1.596348333,0.069064811
2016,ssp126,-0.047991657,-0.12342515,0.628096581,0.195493221,0.363296032,0.12540741,-0.467652702,-0.337626648,1.216704655,1.347507048,0.0495369
2017,ssp126,0.199071026,-0.268248701,0.187879562,-0.263586521,0.276677608,-0.220217037,-0.242968941,-0.572385502,1.353639889,0.791518259,-0.084491928
2018,ssp126,0.059847927,-0.343905115,0.167804718,-0.544804096,0.308374882,-0.023445415,-0.215326691,-0.612806034,0.636677074,0.348070192,-0.233442708
2019,ssp126,-0.100339794,-0.528293276,-0.107865334,-0.762171745,-0.124941826,0.009633732,-0.60216465,-1.170081329,0.620981503,0.223352003,-0.405258575
2020,ssp126,-0.22740736,-0.214818621,-0.672586441,-1.064026833,-0.734376907,-0.399958897,-0.58396759,-1.819898319,1.077365208,1.136824656,-0.586177341
2021,ssp126,-0.432426834,-0.240285063,-0.444265366,-1.210914612,-0.472635269,-0.596855927,-1.275693321,-1.553674889,-0.06173296,0.570802259,-0.587602072
2022,ssp126,-0.16376009,-0.746665621,-0.777949333,-1.667262554,-0.956570625,-0.693064499,-1.251728439,-2.131659222,-0.388243389,0.018051195,-0.760804675
2023,ssp126,-0.413580799,-0.905988836,-1.157623291,-1.912672043,-1.316534042,-0.873811054,-1.75006237,-2.851046753,-0.538624477,-0.158372831,-1.038639364
2024,ssp126,-0.648483658,-0.853495741,-1.712656975,-2.03497839,-1.263745785,-0.887204933,-2.499756241,-2.731636715,-1.414360714,-0.828657579,-1.301178263
2025,ssp126,-0.865768814,-1.124971533,-1.166309357,-2.444122314,-1.46718359,-1.27084856,-2.155199432,-3.409992886,-1.36425848,-0.238366556,-1.501402744
2026,ssp126,-0.896341705,-0.972324514,-1.661431313,-2.69997406,-1.34705162,-1.40833168,-2.735793495,-3.493834209,-2.088354778,-0.85503335,-1.60751353
2027,ssp126,-1.110083485,-1.367584372,-2.539689064,-3.383424759,-2.174142838,-1.952527332,-3.367013359,-3.866326046,-1.751222324,-1.297904444,-1.886993907
2028,ssp126,-1.525798225,-1.437856817,-2.524313927,-3.371746063,-2.247018814,-2.118361282,-4.003811264,-4.318300915,-2.604881001,-1.352323008,-2.18482892
2029,ssp126,-1.540833855,-1.998355055,-2.818642616,-4.178795338,-2.714359283,-2.177349377,-4.054632568,-4.853683662,-3.294380856,-1.797660303,-2.445526577
2030,ssp126,-1.645628357,-1.942558432,-3.313242912,-4.566066742,-3.272113323,-2.540162373,-4.368810081,-5.564489555,-3.78173418,-2.211023283,-2.806771698
2031,ssp126,-2.152555847,-2.049038076,-3.415670395,-4.301027775,-2.812693596,-2.843447018,-4.810777092,-5.291149807,-4.269835186,-1.576091719,-2.748954097
2032,ssp126,-1.776726627,-2.20695343,-3.674040794,-4.747624397,-3.210683346,-2.731354046,-4.631263161,-5.57415266,-3.895887089,-2.477942419,-2.894025061
2033,ssp126,-2.421252632,-2.393155718,-3.456606865,-5.230434895,-3.746132851,-3.103209305,-5.859581375,-6.089605522,-3.858938885,-1.48975749,-3.185127578
2034,ssp126,-2.300352478,-2.342768097,-3.937514305,-5.209192753,-3.561571121,-3.13122921,-5.595857048,-5.848216724,-4.016170216,-2.38550849,-3.225813854
2035,ssp126,-2.00538435,-2.409980202,-4.122270584,-5.489974976,-3.786729813,-2.957822132,-5.380593681,-6.123087597,-3.771911335,-2.909287882,-3.343018743
2036,ssp126,-2.339239502,-2.454112196,-4.086161613,-5.659156322,-3.739647388,-3.229039955,-5.640550041,-6.356166077,-4.26085825,-2.574384165,-3.507793903
2037,ssp126,-2.556729221,-2.573511267,-4.21317482,-5.683786869,-3.994864464,-3.27958374,-6.015706444,-6.47233839,-4.396609974,-2.234716368,-3.622693766
2038,ssp126,-2.566317463,-2.657704258,-4.35410881,-5.843916893,-4.042416096,-3.503230619,-6.321051979,-6.685013962,-4.580254269,-2.623154593,-3.744994414
2039,ssp126,-2.729434872,-2.871141338,-4.420972824,-6.072455406,-4.259438515,-3.231148767,-6.484937096,-6.670106602,-4.266729069,-2.853243303,-3.868030106
2040,ssp126,-2.419457817,-3.212431574,-4.661115646,-6.301342487,-4.579852104,-3.392133522,-5.764373207,-7.037417126,-3.898174,-3.600136232,-4.034515319
2041,ssp126,-2.536563301,-3.058095598,-4.961960793,-6.29392767,-4.703512192,-3.654948997,-6.118281746,-7.316937637,-3.657075596,-3.37623353,-4.159084323
2042,ssp126,-3.111063385,-3.588907862,-5.244926453,-7.080546379,-4.940320492,-4.249956417,-7.360760117,-7.655504417,-4.498518658,-2.607340765,-4.550285473
2043,ssp126,-3.076671982,-3.582800293,-5.264450073,-7.053232193,-4.994455338,-4.06226759,-7.213742638,-7.542308521,-5.043213558,-3.530374479,-4.66258827
2044,ssp126,-3.348200703,-3.628230715,-5.667528152,-7.527909756,-5.127955437,-4.031051445,-7.756174469,-7.906798553,-4.684487057,-3.214143705,-4.754526271
2045,ssp126,-3.326821709,-3.555335903,-5.897311211,-7.694283485,-5.59117651,-4.011651325,-7.720707321,-8.019079876,-5.256062222,-4.202463102,-4.943738598
2046,ssp126,-2.881025696,-3.778445864,-6.185202599,-8.164416313,-6.06201601,-4.079555321,-7.370619202,-8.384247971,-4.644756031,-4.629094553,-5.035722884
2047,ssp126,-3.176781082,-3.802334452,-6.196587563,-8.229938984,-5.781835079,-4.138795185,-7.521553421,-8.482236576,-4.93614645,-4.02437253,-5.070036761
2048,ssp126,-3.313395405,-4.062108183,-6.709928513,-8.612295628,-6.103981972,-4.475682545,-8.349613571,-8.95795269,-5.162337971,-4.278892469,-5.431310639
2049,ssp126,-3.587256336,-4.300104046,-6.833862305,-8.849612713,-6.71983099,-4.870158958,-8.850407982,-9.302644444,-4.912876797,-4.24123807,-5.804671559
2050,ssp126,-3.827572727,-4.327005768,-6.903121948,-9.11649704,-6.421566963,-4.794958401,-8.706992531,-9.279388618,-5.164262486,-5.145915937,-5.961288098
2051,ssp126,-3.479167366,-4.736708069,-7.382517815,-9.388123512,-6.659084797,-4.743908453,-8.87151947,-9.580120754,-5.643830967,-5.408687544,-6.034986648
2052,ssp126,-3.504467869,-4.540651464,-7.322330475,-9.253732204,-6.885116577,-4.894039917,-8.45698204,-9.703168106,-5.033952427,-5.161242914,-5.968925234
2053,ssp126,-3.779517078,-4.466849709,-7.764678001,-9.621798038,-7.164974213,-5.193483639,-9.545587921,-9.735600185,-6.022217464,-4.500317049,-6.228931498
2054,ssp126,-4.006501102,-4.431833172,-7.979189873,-9.502380848,-6.658563614,-5.380046654,-9.697742844,-9.845988941,-5.888743114,-4.839724493,-6.157875359
2055,ssp126,-3.970124626,-4.509041929,-8.145648956,-9.528140545,-7.069351196,-5.328007984,-9.576196098,-10.04226418,-5.579683018,-5.213026476,-6.296565176
2056,ssp126,-3.996310616,-4.869391346,-8.374863625,-9.886795521,-7.241529465,-5.147061157,-9.70252552,-10.37404032,-6.028337193,-5.318933439,-6.410241145
2057,ssp126,-3.801626587,-4.760239029,-8.35324955,-10.04886913,-7.174032211,-5.408340502,-9.49753418,-10.27878017,-5.793394756,-5.24421401,-6.343503229
2058,ssp126,-4.173527622,-4.949531937,-8.860274315,-10.20874262,-7.604692936,-5.197447348,-10.57634583,-10.70587893,-6.292309475,-5.414412928,-6.590455579
2059,ssp126,-3.959387684,-5.031116629,-8.774075508,-9.980409145,-7.631525993,-5.326255846,-10.26523056,-10.65117617,-5.881649685,-6.1220016,-6.627620578
2060,ssp126,-4.072895432,-4.763564491,-9.35731411,-10.26741409,-7.755518436,-5.511595774,-10.04833641,-10.81884594,-5.95263834,-5.496358824,-6.672817339
2061,ssp126,-4.239578152,-4.955670261,-9.263313293,-10.3955574,-7.663394451,-5.644989538,-10.94753399,-10.60784311,-6.634384823,-5.599655581,-6.710385145
2062,ssp126,-4.108622456,-5.119974756,-9.502119064,-10.60578012,-7.884968758,-5.738292027,-10.38258209,-10.98622389,-6.406327915,-6.159547281,-6.840360371
2063,ssp126,-4.322078609,-5.018655205,-9.542142868,-10.70696688,-8.084781647,-5.615433264,-10.80672398,-10.98574276,-6.762233448,-6.354579878,-6.890366764
2064,ssp126,-4.480872536,-5.037883425,-9.939844131,-10.75034046,-8.212441921,-5.708807278,-11.35805931,-11.15134878,-7.25756712,-5.815777731,-6.927265467
2065,ssp126,-4.796384239,-5.013340855,-10.09880209,-10.877635,-8.344143867,-6.110076237,-11.53863611,-11.28622169,-7.691334438,-6.019252729,-7.111474492
2066,ssp126,-4.522451305,-5.265590572,-10.14447403,-10.9108386,-8.547865868,-6.283288288,-11.48558178,-11.62619228,-7.26944418,-6.284387541,-7.201106114
2067,ssp126,-4.707853222,-5.238065386,-10.38618517,-10.87261581,-8.320572853,-6.186198759,-11.69065609,-11.24161835,-7.678291988,-6.464655828,-7.232847081
2068,ssp126,-4.554980659,-5.3864254,-10.27135181,-10.99431896,-8.174856186,-6.111441422,-11.97732391,-11.14882774,-7.593106937,-6.862029982,-7.31835886
2069,ssp126,-4.688561344,-5.014619255,-10.40003633,-11.00706816,-8.442071915,-6.163719463,-11.69380035,-11.25739021,-7.594211292,-6.704317522,-7.191825554
2070,ssp126,-4.808853054,-5.13126936,-10.59890985,-11.1588459,-8.515130043,-6.247114706,-12.1592988,-11.31278152,-8.099009228,-6.756760073,-7.269763816
2071,ssp126,-5.033078575,-5.191780949,-10.94238997,-11.25178099,-8.643294811,-6.367612171,-12.31100311,-11.44761343,-8.303705883,-7.109858942,-7.342558487
2072,ssp126,-4.887108707,-5.387505198,-10.74547291,-11.29173517,-8.548033237,-6.427333879,-12.15322533,-11.32580395,-8.481297207,-7.523700666,-7.401163725
2073,ssp126,-5.155050659,-5.763837242,-10.99664879,-11.53879356,-8.743391037,-6.294457245,-12.81207743,-11.5779006,-9.210942936,-7.913798285,-7.650326707
2074,ssp126,-5.175063515,-5.709218645,-11.35681725,-11.75687075,-9.211239338,-6.446763325,-12.59334221,-11.87105675,-9.328639698,-7.916842413,-7.745406894
2075,ssp126,-5.412310028,-5.650221729,-11.35800409,-11.5490551,-9.263639927,-6.73117094,-13.14614096,-11.86964388,-9.265723896,-7.826075029,-7.726703745
2076,ssp126,-5.530366802,-5.883705759,-11.66995859,-11.53491116,-8.951528549,-6.713008928,-13.31840315,-11.70676632,-9.895805073,-8.350610685,-7.914922792
2077,ssp126,-5.647784138,-5.54675498,-11.69717216,-11.77710247,-9.142680645,-6.91703229,-13.4785923,-11.91415949,-10.102637,-8.002823305,-7.924548614
2078,ssp126,-5.934417152,-5.794191027,-11.87797022,-11.95301962,-9.441537857,-6.876050758,-13.70502319,-12.00606747,-10.63234682,-8.523284388,-8.100813297
2079,ssp126,-6.018053913,-5.737127924,-11.91112566,-11.96740103,-9.268947124,-6.963657665,-14.0265564,-11.86663218,-11.0414073,-8.306923819,-8.044099285
2080,ssp126,-6.13785305,-5.914497757,-12.11454296,-12.22029591,-9.352532387,-6.853874016,-14.3105916,-12.07266874,-10.62802572,-8.847579908,-8.141587724
2081,ssp126,-6.217180157,-5.858519459,-12.18118,-12.03975391,-9.280308723,-6.855067778,-14.41715088,-11.82573338,-11.29778357,-8.967339468,-8.128645368
2082,ssp126,-6.361591244,-5.887785101,-12.40708542,-12.14295435,-9.326777935,-7.212431002,-14.96663036,-11.92575092,-11.90652056,-8.46861167,-8.170714024
2083,ssp126,-6.578583145,-6.097282076,-12.59767294,-12.32219028,-9.604895115,-7.016755867,-14.75356998,-12.00807161,-11.80078001,-9.313466501,-8.339558171
2084,ssp126,-6.533324146,-6.207077169,-12.61081934,-12.36348963,-9.684864044,-6.77772336,-14.94773235,-12.04723568,-12.32446356,-9.506246996,-8.349255195
2085,ssp126,-6.865192795,-6.070284748,-12.67053413,-12.35960054,-9.585085869,-7.23636179,-15.39078226,-12.30335636,-12.53023024,-8.863738966,-8.473348621
2086,ssp126,-7.003300571,-6.007638359,-12.82106781,-12.47894478,-9.56533289,-7.27898531,-15.37465611,-12.06036777,-12.88616438,-9.239996862,-8.50798396
2087,ssp126,-6.704388046,-6.048515224,-12.61040211,-12.59910679,-9.724497795,-6.972905445,-15.25071993,-12.28551216,-13.40071459,-9.581565809,-8.522828501
2088,ssp126,-7.074766541,-5.974359417,-12.91281414,-12.64675474,-9.797779083,-7.193196106,-15.63540449,-12.27525873,-13.25780649,-8.950065088,-8.602432398
2089,ssp126,-7.001994514,-6.118055487,-12.98970032,-12.51358318,-9.602536678,-7.232655096,-16.02234259,-12.09560699,-13.53889914,-9.448244524,-8.534704021
2090,ssp126,-7.305876637,-6.132330084,-12.88541365,-12.69179821,-9.609459877,-7.182172108,-16.11007538,-12.3084013,-13.6168191,-9.47414155,-8.626609102
2091,ssp126,-7.254414463,-6.334241295,-13.104702,-12.96718454,-10.04776907,-7.083949614,-16.2100028,-12.45667667,-13.97897692,-9.898304892,-8.701805394
2092,ssp126,-7.051157379,-6.302290821,-13.20114803,-12.71307516,-9.984911919,-7.058431911,-15.78541079,-12.41540499,-14.06844301,-10.0242476,-8.628881085
2093,ssp126,-7.231151962,-6.157369757,-13.4973793,-13.09568405,-10.31172514,-7.027393866,-16.09232559,-12.60310383,-14.29130907,-9.867431593,-8.729813403
2094,ssp126,-7.229998016,-6.168783331,-13.3031373,-12.76575136,-10.08940887,-7.13897233,-15.8885273,-12.39651079,-13.86277361,-9.896206808,-8.627703614
2095,ssp126,-7.376970196,-6.413761044,-13.28236961,-12.72856808,-9.849335194,-7.331367779,-15.92253485,-12.21990891,-14.05308027,-9.827571344,-8.696535767
2096,ssp126,-7.785124683,-6.177280569,-13.85558319,-13.33600044,-10.67008734,-7.3297153,-16.83072462,-12.90618534,-14.48629541,-9.700906706,-8.934722993
2097,ssp126,-7.656988525,-6.567264223,-13.46901608,-12.88346148,-10.2319212,-7.552839804,-16.6394824,-12.36659641,-14.49319525,-10.14672132,-8.898070426
2098,ssp126,-7.798204327,-6.620641613,-13.80251408,-12.99064398,-10.37094927,-7.648474503,-16.55533018,-12.53515739,-14.95086355,-9.908247423,-9.022734878
2099,ssp126,-8.118417645,-6.588844442,-13.85610437,-13.25508404,-10.45735598,-7.613382626,-17.31625786,-12.73854847,-15.18766375,-10.35324807,-9.159680064
2100,ssp126,-7.599480057,-6.601106071,-13.76675177,-13.22755861,-10.49142265,-7.389896917,-16.42644444,-12.52774496,-14.75453444,-11.06981487,-8.99615999
2015,ssp245,0.185015774,0.095809793,0.566567421,-0.034255505,0.380678177,0.385476303,-0.035684013,-0.372318459,1.654959011,1.379012156,0.123752026
2016,ssp245,-0.133228683,-0.092055464,0.588995934,0.024962902,0.384036541,0.053774548,-0.272217178,-0.409452152,1.792195606,1.079800653,-0.006880582
2017,ssp245,-0.104154491,0.01247344,0.824818611,0.036351681,0.31351757,0.411448193,0.220317459,-0.490308952,1.757828045,0.80522542,0.052866863
2018,ssp245,0.278864479,0.12743125,0.720506668,-0.28921032,0.266708851,0.005533886,0.488831139,-0.67925806,1.773902225,0.721262026,0.027110222
2019,ssp245,0.342073059,-0.09277072,0.935340881,-0.213252544,0.410445213,0.101175976,0.087597466,-0.749931049,1.784497547,0.705316114,0.127085242
2020,ssp245,0.308495617,-0.19670167,0.989647865,-0.205297947,0.560507774,0.143752766,0.364984131,-0.871359062,1.247884083,0.632819223,-0.023474999
2021,ssp245,0.260288334,-0.123840952,1.364345551,0.025997639,0.360322952,0.215865326,0.251801109,-0.871959877,1.95508604,0.801902819,0.036253338
2022,ssp245,-0.079748058,-0.201500559,0.93952179,-0.223118305,0.315478325,-0.103601265,0.020621872,-1.164307308,2.13174181,1.135721254,-0.093775401
2023,ssp245,0.224274731,0.016905165,0.921593666,-0.496878624,0.261079788,0.018579197,0.409049606,-1.155094814,2.639962482,0.662686872,-0.091191961
2024,ssp245,0.471874332,-0.09158721,1.433726311,-0.378908157,0.280708313,0.083775711,0.834905243,-1.1079175,2.796455669,0.863751936,-0.007646932
2025,ssp245,0.139968491,-0.062765741,1.244945526,-0.515240669,0.307841301,-0.039160061,0.159236526,-1.273394775,2.664890575,1.080794859,-0.059018857
2026,ssp245,-0.095131302,-0.302519941,1.33140564,-0.514530659,0.295884132,-0.041995811,0.038242912,-1.330285263,2.759216595,0.910890627,-0.209949289
2027,ssp245,-0.035343075,-0.375222826,1.418585777,-0.554461956,0.217325211,0.100824547,0.045549965,-1.539435101,2.514721203,0.947830248,-0.293779215
2028,ssp245,-0.004947567,-0.494968557,1.286999702,-0.930107594,0.106442451,0.025110435,0.303831673,-1.560541821,2.710344601,0.888664293,-0.310046472
2029,ssp245,-0.162444019,-0.399768019,1.506184578,-0.696627617,0.313604832,-0.031245995,-0.150639915,-1.414262962,3.291701603,0.953619051,-0.360807993
2030,ssp245,0.252903557,-0.692471647,1.314105034,-0.846757412,0.061157227,-0.287769127,0.325143433,-1.657834244,3.776325512,0.608211088,-0.341166835
2031,ssp245,0.006407833,-0.611924314,1.647356987,-0.825920105,0.151062965,-0.161892223,0.464308357,-1.788998795,3.304715443,0.77432065,-0.392586616
2032,ssp245,-0.044722462,-0.552559042,1.400561333,-0.746519566,0.145043373,-0.161317635,0.340714073,-1.684613419,3.288398075,0.746264982,-0.454874696
2033,ssp245,0.170501804,-0.671793127,1.346853256,-1.019522667,0.100967884,-0.043839741,0.272922134,-1.589000893,3.213349628,0.834473658,-0.434635414
2034,ssp245,0.090352631,-0.341336393,1.152031898,-0.927793026,0.134308815,-0.2648242,0.200085258,-1.76196785,3.59061079,0.850576925,-0.433489693
2035,ssp245,0.036081886,-0.554615164,1.463317871,-0.907159805,0.273623466,-0.235557365,-0.19758358,-1.879837704,3.796288776,0.557136583,-0.470753323
2036,ssp245,-0.204082394,-0.587884569,1.415841103,-1.175033569,-0.213612556,-0.38670187,-0.186367416,-2.095209312,3.602878857,0.555578279,-0.667372199
2037,ssp245,-0.107570076,-0.903190279,1.360936165,-0.922677517,0.050714016,-0.300957966,-0.007861519,-1.91511364,3.835660267,0.103452253,-0.664628623
2038,ssp245,-0.295876884,-0.899836206,1.310287476,-1.330332279,-0.25328064,-0.5401824,0.05348835,-2.193063927,4.053862858,0.500665712,-0.824756774
2039,ssp245,-0.044744396,-0.793173933,1.210032463,-1.387320042,-0.243935108,-0.373177338,0.230919456,-2.110254478,4.241597462,-0.064441156,-0.715307404
2040,ssp245,-0.109143162,-1.057679319,1.215191841,-1.322688103,-0.280170918,-0.574278641,0.462352371,-2.331010532,4.662813473,-0.176113081,-0.848591632
2041,ssp245,-0.209592247,-1.219391489,0.814145088,-1.356946468,-0.367764473,-0.713737774,0.168697929,-2.353370857,4.334001827,-0.329678965,-0.988148066
2042,ssp245,-0.358566189,-0.993802214,1.063259125,-1.27489996,0.094395638,-0.482219982,-0.252688789,-1.991020393,4.146619129,-0.043281507,-0.766609542
2043,ssp245,-0.101105118,-1.111420298,1.077642441,-1.444173813,-0.100793362,-0.873829174,-0.204406166,-2.356207561,4.184019375,-0.438890409,-0.916055588
2044,ssp245,-0.263535881,-1.050952101,0.793944359,-1.580618858,-0.411950111,-0.685605335,0.037067032,-2.542065811,4.416830349,-0.239389849,-0.989659078
2045,ssp245,-0.223123932,-1.350785875,0.838778496,-1.521047115,-0.340130329,-0.641982365,-0.144267464,-2.634158802,3.854822445,-0.407914591,-1.010611523
2046,ssp245,-0.404926682,-1.124725008,0.745690346,-1.621005058,-0.666594982,-0.936929512,-0.156491661,-2.826392841,4.375185299,-0.090916109,-1.080611505
2047,ssp245,-0.318701649,-1.482311869,0.6474123,-1.405191898,-0.423054695,-1.089606571,-0.355677032,-2.778240395,4.925479221,-0.601646852,-1.126771018
2048,ssp245,-0.317470455,-1.417181158,0.474574089,-1.458308697,-0.557878971,-0.946043777,-0.708856964,-2.924135876,4.666635799,-0.551856947,-1.183669164
2049,ssp245,-0.329632187,-1.43355813,0.440704346,-1.768579006,-0.457395554,-1.140341568,-0.209411049,-2.907636833,4.568135548,-0.463639688,-1.223905479
2050,ssp245,-0.466865921,-1.304761076,0.468361855,-1.562597752,-0.29789114,-1.164969254,-0.66760006,-2.790777874,4.558834362,-0.455960226,-1.161486808
2051,ssp245,-0.69671669,-1.557822371,0.242598534,-1.790017128,-0.506737232,-1.464273739,-0.91316452,-3.126048279,4.340827274,-0.730869246,-1.422014931
2052,ssp245,-0.520464325,-1.64689436,-0.318951607,-1.807920933,-0.762890816,-1.369658756,-0.614542389,-3.067313385,4.443719196,-1.147245836,-1.451918759
2053,ssp245,-0.607814217,-1.686139488,-0.098582268,-1.805904388,-0.692507267,-1.614014435,-1.183025742,-3.226557446,4.031025219,-1.277203512,-1.545027682
2054,ssp245,-0.832464123,-1.622107649,-0.617795944,-2.185508251,-1.160302162,-1.679518509,-1.414551163,-3.472928238,3.837176609,-0.978053999,-1.659940582
2055,ssp245,-0.805556202,-1.654770279,-0.498993874,-2.059988022,-0.833714485,-1.614198971,-0.987105751,-3.023839664,4.34067564,-1.577928972,-1.498434338
2056,ssp245,-0.929927254,-1.730639839,-0.537947655,-2.088654995,-1.036550999,-1.831136036,-1.650404358,-3.43610878,3.759731579,-1.131871176,-1.700771589
2057,ssp245,-0.846148872,-1.860268021,-1.006490707,-2.235438347,-0.91432476,-1.878492641,-1.652753258,-3.504670811,4.348056126,-2.006203604,-1.762354459
2058,ssp245,-0.716023827,-2.208890343,-0.798358917,-1.991153717,-0.850313187,-1.848641682,-1.452987099,-3.245885086,3.829827595,-2.369781446,-1.786838977
2059,ssp245,-1.234797382,-2.303438091,-1.050382614,-2.144385815,-0.853831768,-1.982450771,-2.120551491,-3.69964571,3.841752338,-1.808520746,-1.983948064
2060,ssp245,-1.166055584,-2.113687897,-1.354025841,-2.427931786,-1.325088978,-2.254283237,-2.269581223,-3.833991241,3.118654537,-2.176394415,-2.047751833
2061,ssp245,-1.359300041,-2.028516197,-1.285904884,-2.569257259,-1.245907784,-2.306063461,-2.294348145,-3.700977039,3.334325123,-2.099538755,-2.101739734
2062,ssp245,-1.294904137,-2.265981579,-1.815432549,-2.595520973,-1.296067238,-2.309579659,-2.435964966,-4.065727901,2.834882069,-2.553996515,-2.223218065
2063,ssp245,-1.456713104,-2.140658998,-1.764539719,-2.614966393,-1.20899725,-2.475729275,-2.301993752,-4.013461781,2.72411375,-2.49237628,-2.236401044
2064,ssp245,-1.786376381,-2.257487679,-2.028951645,-2.668444157,-1.323715687,-2.657913494,-2.863746071,-4.209672642,2.745174694,-2.495265436,-2.366435995
2065,ssp245,-1.707214737,-2.137358332,-2.049198151,-2.715212822,-1.513664246,-2.420437622,-3.580027008,-4.070656013,2.328298855,-2.513852549,-2.306071879
2066,ssp245,-1.589082146,-2.054780388,-1.959281921,-2.574147224,-1.340287209,-2.430604744,-3.004925156,-3.961065006,2.418124485,-3.186463785,-2.194261304
2067,ssp245,-1.692284489,-2.060037994,-2.353693962,-2.717151165,-1.6952672,-2.622981358,-3.088192368,-4.389170837,2.366436291,-2.922002268,-2.397714404
2068,ssp245,-1.910773659,-1.923956537,-2.205654144,-2.816634655,-1.448432922,-2.762008953,-3.643257523,-4.255120945,1.725253391,-2.779494715,-2.365156294
2069,ssp245,-1.840249443,-2.427203798,-2.541370392,-2.820838451,-1.497355461,-2.972776699,-3.36097374,-4.182974529,2.453592587,-3.205756617,-2.48380853
2070,ssp245,-1.87562027,-2.525915289,-3.029819489,-2.955471516,-1.550578594,-2.966716576,-3.303306007,-4.451310349,1.52199297,-3.895152998,-2.666212472
2071,ssp245,-2.01653471,-2.484123373,-3.010829926,-3.033930302,-1.684916019,-3.178934383,-3.582301521,-4.461234283,1.354802418,-3.394425344,-2.65683908
2072,ssp245,-1.947489643,-2.526061201,-3.205452919,-2.865522861,-1.612045765,-3.084403324,-3.840505981,-4.60403223,1.526530552,-3.860894632,-2.704342704
2073,ssp245,-2.173103714,-2.736256981,-3.129410744,-2.80243206,-1.675216675,-3.154705334,-3.953819656,-4.515367699,1.753960896,-3.390544844,-2.764497262
2074,ssp245,-1.997530842,-2.720532084,-3.540019035,-3.0595541,-1.675216198,-3.232929277,-3.865538025,-4.517234993,0.857976246,-4.003162336,-2.717677358
2075,ssp245,-2.466566467,-2.782268667,-3.758733749,-3.121843815,-1.941835403,-3.425128746,-4.488382721,-4.776360703,1.257625866,-3.827825022,-2.935768771
2076,ssp245,-2.565654182,-2.853105927,-3.669034958,-3.008347511,-1.725112915,-3.256293583,-4.62118187,-4.514845562,1.073434162,-4.327104044,-2.899030569
2077,ssp245,-2.18424263,-3.068676138,-3.718481064,-3.164242744,-1.7196455,-3.563139963,-3.598290825,-4.652334881,1.444257069,-4.687145185,-2.933672679
2078,ssp245,-2.551714802,-2.602601671,-3.908056259,-3.118593693,-1.916303158,-3.40661006,-4.311858559,-4.757531357,0.930180836,-4.065442038,-2.970639833
2079,ssp245,-2.70055809,-2.846919203,-4.07881546,-3.026734352,-1.640805244,-3.501642036,-4.781915092,-4.814652157,1.276830959,-4.230179262,-3.039874459
2080,ssp245,-2.803143406,-2.94488349,-4.445430756,-3.23790741,-1.923704624,-3.570184517,-4.864015961,-4.786788177,0.66063242,-4.436789942,-3.111866898
2081,ssp245,-2.793870354,-3.043884659,-4.400074005,-3.215616703,-1.904162407,-3.768753576,-5.061375999,-4.693916512,1.032878208,-4.750745726,-3.098977059
2082,ssp245,-2.807092571,-3.02967515,-4.512464523,-3.067978859,-2.054532528,-3.784926701,-4.594850922,-4.727340889,0.686118412,-5.068697882,-3.187715161
2083,ssp245,-2.94314661,-3.081587934,-4.856114388,-3.394555569,-2.218749046,-3.90581398,-4.824063683,-5.07541151,0.538457203,-4.955601168,-3.304807718
2084,ssp245,-3.050111198,-3.283099556,-4.73823452,-3.204008579,-1.973302364,-3.899261522,-5.238995934,-4.724689674,0.157266903,-4.988181067,-3.224765896
2085,ssp245,-3.398026371,-3.146679068,-5.027590752,-3.55466795,-2.241294384,-4.111454058,-5.718525314,-5.057686043,0.163770008,-4.687643003,-3.468887767
2086,ssp245,-3.398259068,-3.298869753,-5.291160583,-3.666493893,-2.470749378,-4.042197275,-5.746077919,-5.109403324,0.046733189,-5.897522879,-3.571168788
2087,ssp245,-3.277539158,-2.993521595,-5.043658257,-3.619439602,-2.340116978,-3.915037918,-5.459018135,-5.067736816,0.076873112,-5.365125132,-3.346646821
2088,ssp245,-3.594888592,-3.193782473,-5.331398964,-3.668778896,-2.510363579,-4.208124924,-5.623731995,-5.086029243,-0.082042408,-5.4508533,-3.619924519
2089,ssp245,-3.764663124,-3.197257662,-5.582273483,-3.686107159,-2.486545086,-4.138214397,-5.841491127,-5.129595947,-0.390087795,-5.887092066,-3.623005208
2090,ssp245,-3.607978725,-3.104738617,-5.715765953,-3.876974583,-2.505818367,-3.971773911,-5.434680367,-5.128179741,-0.256444645,-5.728862238,-3.526726139
2091,ssp245,-3.787608528,-3.495566273,-5.980744362,-3.905916214,-2.670018196,-4.074990797,-6.17777195,-5.209366035,-0.654757214,-5.946380568,-3.648420698
2092,ssp245,-3.406263256,-3.218229675,-5.445934296,-3.583598137,-2.40312767,-4.29049449,-5.523758316,-4.999297333,0.059800434,-6.142589998,-3.524980449
2093,ssp245,-3.909588718,-3.336874151,-6.0680933,-3.829733849,-2.428711414,-4.246346998,-6.210108185,-5.207078171,-0.821045589,-5.659261179,-3.764703728
2094,ssp245,-3.802165413,-3.335550928,-5.886852264,-3.724952698,-2.537034512,-4.265717554,-6.572110558,-5.062211227,-0.539257717,-6.137506437,-3.655290977
2095,ssp245,-3.951749706,-3.563086653,-6.058024406,-3.850142956,-2.674247265,-4.455609608,-6.692771339,-5.267127705,-1.308983517,-6.051505518,-3.786927487
2096,ssp245,-3.924451733,-3.539836311,-6.234781265,-3.987764835,-2.690751553,-4.406845379,-6.387316132,-5.267207336,-0.967677784,-6.312302065,-3.775146665
2097,ssp245,-3.975406075,-3.304706478,-6.446629524,-3.948359966,-2.756728649,-4.46818285,-6.721511269,-5.404557419,-1.244082165,-6.032431078,-3.757492651
2098,ssp245,-4.320491695,-3.521059656,-6.712083817,-4.14942503,-3.032519817,-4.516010809,-7.294309044,-5.528168869,-1.439506245,-6.382740927,-3.94389601
2099,ssp245,-4.000606441,-3.568696642,-6.596504211,-3.924015522,-2.802308083,-4.559467363,-6.930873299,-5.30867548,-1.892131519,-6.336600256,-3.881045592
2100,ssp245,-4.288266563,-3.575242662,-6.664168358,-4.077288628,-2.758364201,-4.663162994,-7.14928093,-5.357744884,-1.753304195,-6.329550219,-3.996643636
2015,ssp370,0.359197845,-0.142178535,0.423740005,-0.047124557,0.356796951,0.226456985,0.199440536,-0.290318298,1.524440613,1.339183922,0.170058436
2016,ssp370,0.050519409,0.092212868,0.514953232,-0.039771347,0.489724274,0.289681778,0.094544754,-0.093647385,1.641040649,1.51074688,0.172955001
2017,ssp370,0.076968231,0.102866554,0.879584122,0.459757156,0.820735474,0.475103531,0.351707993,0.009682465,2.278768005,1.775914497,0.229236189
2018,ssp370,0.559271851,0.146943092,1.182921982,0.32428772,0.52369339,0.535803375,1.017535934,0.120532227,2.768310394,1.67334034,0.344918904
2019,ssp370,0.848711243,0.062817955,1.451436234,0.787439651,1.118067856,0.904680786,1.404076157,0.383530045,2.85227417,1.558907051,0.58594834
2020,ssp370,0.933574905,0.351218224,1.652808762,0.61328537,1.04429657,1.107132111,1.710886154,0.526311874,3.117844238,1.813089104,0.687291721
2021,ssp370,0.658776321,0.369114494,1.789623642,0.635566635,0.942197342,0.742741928,1.345203934,0.329037857,3.602647247,3.453835793,0.747771705
2022,ssp370,0.683550491,0.526707268,1.748259354,0.858799667,1.254917831,0.87243515,1.277027664,0.48645401,3.400807037,2.691746635,0.718270968
2023,ssp370,1.101822891,0.322054863,2.094828415,0.994564362,1.219793243,1.341441498,1.853551254,0.714862823,3.839810791,2.170720024,0.959838465
2024,ssp370,1.215179672,0.382225609,1.915800095,0.923255463,1.16916954,1.3389505,2.181014023,0.37742691,4.030431213,2.555248756,0.807546887
2025,ssp370,0.818816605,0.283213615,1.847890091,0.812947006,0.901909561,0.927028046,2.021135483,0.286162567,4.032958069,3.107836266,0.632007724
2026,ssp370,1.071354904,0.502353859,2.235544205,0.980375595,1.363442917,1.20237175,2.350656662,0.642518997,4.581629791,3.524540443,0.913504112
2027,ssp370,1.127002945,0.520365715,2.491875076,0.796410675,1.435458298,1.044405899,2.330064926,0.471447754,4.578860321,3.645689125,0.856839866
2028,ssp370,0.971437683,0.374777412,2.427196121,0.724567719,1.049785919,1.105644379,1.981528244,0.341353989,4.205477753,3.75064518,0.718189872
2029,ssp370,1.01271347,0.36228199,2.373653793,0.630358429,1.13560936,1.248460922,2.843414841,0.246264267,5.248535004,2.944542046,0.731235146
2030,ssp370,1.473247375,0.308507729,2.690114975,0.783686371,1.251185532,1.583497009,3.067297134,0.390702438,5.407510986,2.987924309,0.889711373
2031,ssp370,1.301590958,0.498244667,2.594642258,0.978196259,1.368071289,1.496571503,2.873154984,0.130962753,5.225758972,3.875386543,0.896717922
2032,ssp370,1.330826035,0.282895088,2.861526108,0.97874176,1.526190872,1.19756752,2.969928513,0.105427551,5.620477905,3.58790905,0.875841127
2033,ssp370,1.506278076,0.261849785,2.868797684,0.779556198,1.35799324,1.395814667,3.238473282,0.271979141,6.05918869,3.996285362,0.998817385
2034,ssp370,1.573630753,0.510697365,2.990192795,0.864182968,1.312351532,1.63329216,3.329279861,0.532026291,5.881988373,3.399905891,0.991633073
2035,ssp370,1.716449585,0.716419792,3.277122116,0.904402847,1.467777176,1.572265396,4.00815712,0.248299026,7.0252005,4.105799599,1.055129647
2036,ssp370,1.514977493,0.575034523,3.280515671,0.970327301,1.60542366,1.57622963,3.417839584,0.486213303,6.742903748,4.568192787,1.005968441
2037,ssp370,1.788226547,0.451292992,3.283711624,1.071301193,1.742480774,1.547480545,3.573164139,0.616783905,6.330458679,4.313053246,0.93738223
2038,ssp370,1.504193344,0.567107201,3.307705307,0.873232193,1.539441605,1.654475937,4.16226326,0.400312805,7.040801086,4.822404213,0.996576954
2039,ssp370,1.82288002,0.610274315,3.2201931,0.853188629,1.312093277,1.800180206,4.024271927,0.039315796,7.303014984,4.500742455,1.062194571
2040,ssp370,1.996706619,0.496705055,3.70135231,1.006157227,1.551393433,1.803696594,4.210754166,0.17748642,7.372241058,4.271031685,1.031998705
2041,ssp370,1.706713715,0.575673103,3.712028122,0.835241623,1.714477463,1.753023682,4.332958755,0.335749435,7.04765152,4.715814705,1.021242763
2042,ssp370,1.916239777,0.597298241,3.746815109,0.972493286,1.596852417,1.675336227,4.107774887,0.518742752,7.630598297,4.851340218,1.103937299
2043,ssp370,2.05312561,0.303629494,4.014445877,0.841033478,1.852863617,1.708353195,4.429209671,0.522733307,8.118380585,4.873149986,1.082224527
2044,ssp370,2.180044785,0.472576332,3.943340683,0.725912399,1.459461517,2.007370529,4.486870346,0.476343536,8.327932587,4.091646309,1.035231464
2045,ssp370,2.556527176,0.506928825,4.147589493,1.222362823,1.697279282,2.137845001,5.535760269,0.526607513,8.133852997,4.88777668,1.24591916
2046,ssp370,2.348590698,0.558019066,3.962121964,1.065468903,1.826154251,2.074362717,4.934460983,0.616119385,8.446751251,4.981886787,1.2074159
2047,ssp370,2.194323196,0.556568718,4.22844429,1.381847687,1.963234634,1.968419418,4.673185501,0.370604324,8.307345428,5.515247841,1.140107806
2048,ssp370,2.15945076,0.686525917,4.275512314,1.387725372,1.919482727,1.990195618,4.946439896,0.850625992,8.837418213,5.039808388,1.11973936
2049,ssp370,2.971661606,0.695203972,4.440736008,1.211330719,2.093157501,2.591348038,6.02373558,0.724018097,8.365067139,4.490225716,1.35154538
2050,ssp370,2.692766418,0.663485909,4.446789169,1.14861557,1.590262909,2.258533249,5.161767349,0.547467422,8.348907318,5.567838783,1.28281545
2051,ssp370,2.422544327,0.579441261,4.392734909,1.222796936,2.045618362,2.206458054,5.214892349,0.780923843,9.037814178,5.672962303,1.158883229
2052,ssp370,2.371646347,0.579321098,4.72839241,1.309556122,2.00828392,1.885125504,5.244518814,0.613913345,8.87483963,5.598724098,1.110625651
2053,ssp370,2.739078751,0.575211525,4.453110123,1.312935944,1.807541199,2.184232483,5.802444229,0.467978287,9.236246338,4.894949074,1.141076143
2054,ssp370,3.029631271,0.298766899,4.912938309,1.42867691,1.979381104,2.404978333,6.007938919,0.638406754,9.597041168,4.400934334,1.185958925
2055,ssp370,3.140355148,0.467111015,4.971152878,1.247324677,1.840967484,2.505942688,5.851584396,0.584142685,9.577468719,5.164757652,1.323156091
2056,ssp370,2.721451797,0.695408821,4.597682571,1.121023102,2.126581879,2.000034103,5.328558121,0.695341873,9.483378448,5.730015297,1.249851375
2057,ssp370,2.78302597,0.454699516,4.959366226,1.525038452,2.105707092,2.131606445,5.634695969,0.615211105,10.18900513,5.323866768,1.153491913
2058,ssp370,3.062161484,0.569758415,5.001893997,1.312946625,1.888424606,2.558626709,6.131725082,0.635234833,9.854308929,4.46502697,1.162577651
2059,ssp370,3.262403336,0.704641151,4.976144028,1.50423996,2.056847305,2.678658829,6.718375931,0.731591797,10.40551437,5.289221687,1.306824999
2060,ssp370,2.981259766,0.479667473,4.933712387,1.31862442,1.843324966,2.318923721,5.880514297,0.579593277,9.962197723,6.083066292,1.194974195
2061,ssp370,2.750175323,0.739333153,5.038946152,1.517171021,1.868455048,2.1649366,5.565520248,0.639200211,10.06718277,5.899490852,1.07402927
2062,ssp370,2.949313583,0.348146629,4.951512527,1.139539642,1.937470551,2.446967087,5.736257706,0.752097321,10.49466309,4.85769474,1.067583017
2063,ssp370,3.573343887,0.299483299,5.073127365,1.584235687,1.921112747,2.712483368,7.080163345,0.528947449,10.49664215,4.921923943,1.162771346
2064,ssp370,2.959014359,0.460542107,5.020763016,1.274261017,1.877292175,2.136170349,6.021394882,0.433119583,10.56774353,6.137267799,1.061726566
2065,ssp370,2.90348381,0.5623106,5.07918663,1.252180786,2.137789459,2.034450302,5.832069168,0.771854782,10.51585068,5.416207237,1.029803631
2066,ssp370,3.309134903,0.408721733,5.162876511,1.682703705,2.065980835,2.617462692,6.482790909,0.833400345,10.55514435,4.86267292,1.200260677
2067,ssp370,3.733738937,0.281327248,5.41350441,1.538764496,1.927919693,2.974367294,6.836299667,0.560603333,10.7653952,4.913378639,1.219841449
2068,ssp370,3.385874405,0.202714348,5.289801407,1.544402618,2.09828331,2.577375565,6.555406723,0.73938446,10.80881943,5.688058968,1.198197197
2069,ssp370,3.131328049,0.422210121,5.416800308,1.427408142,1.970466156,2.569453964,6.520100174,0.635759735,11.76266998,5.607273598,1.036494228
2070,ssp370,3.492628708,0.516578102,5.526164627,1.631101532,1.958301468,2.670312653,6.71193367,0.751417542,11.12702469,4.62782795,1.11365429
2071,ssp370,3.724243393,0.246238899,5.415172195,1.73543045,2.234083481,2.824207458,6.739867172,0.71227417,11.06890854,5.120100136,1.155164815
2072,ssp370,3.403814926,0.226402473,5.422068405,1.367614288,2.217373199,2.470666275,6.774777756,0.651378632,11.06492905,5.324958534,0.978747251
2073,ssp370,3.340492477,0.200356102,5.722598648,1.511098022,1.983275528,2.430619965,7.026240311,0.603278732,11.90897736,5.073322792,0.943425413
2074,ssp370,3.406194534,0.249080849,5.438138962,1.24000351,1.898073502,2.675538025,6.651841507,0.343927002,11.15075058,5.04922802,0.916437353
2075,ssp370,3.745598831,0.287285042,5.495754623,1.626002808,2.297555466,2.823580322,6.820682297,0.511115265,11.42002625,4.722029991,1.020061054
2076,ssp370,3.634578171,0.237683678,5.489310074,1.346567078,1.987880249,2.714420471,6.701637802,0.357518387,11.64925446,5.147577019,0.949052695
2077,ssp370,3.388148727,0.128380394,5.691666794,1.500127716,2.046272202,2.660719833,6.55298439,0.394569397,11.45213379,5.527409859,0.830841193
2078,ssp370,3.564641037,0.083645058,5.765567398,1.461069031,2.129476471,2.446497498,6.533311234,0.403572845,11.88984207,5.21895916,0.853678509
2079,ssp370,3.551715317,0.082880592,5.856887436,1.541917725,2.122905655,2.743882904,6.513117752,0.476109314,11.70020355,5.500739784,0.85204668
2080,ssp370,3.535357895,0.321252632,5.737134171,1.340300293,2.175187225,2.47032753,6.986631546,0.36038208,12.05818237,5.580184669,0.823988273
2081,ssp370,3.831384506,0.315215492,5.722409439,1.222554321,2.21606514,2.806017075,6.899384079,0.527933121,12.22315277,5.588425941,0.918166989
2082,ssp370,4.011780777,-0.062196159,5.893127823,1.564932556,2.307773514,2.855324707,7.26865593,0.647089386,12.55221771,4.718456001,0.931548868
2083,ssp370,4.068638077,0.137470818,5.985412216,1.70417511,2.036828537,3.07313591,7.068232498,0.508536911,12.39646896,4.650848885,0.834331044
2084,ssp370,4.125117722,0.101239967,6.321831131,1.955036469,2.629510422,3.199682388,7.646408615,0.578958511,12.46661896,5.26093647,0.960844518
2085,ssp370,3.795962753,0.049077034,5.984949875,1.33270752,2.301372833,2.516694031,6.49359642,0.300823212,12.73484253,6.620463295,0.773368978
2086,ssp370,3.575612106,-0.176861,5.921020889,1.5492099,2.685833664,2.520453033,6.585963211,0.613811493,12.77675385,5.24380085,0.658758749
2087,ssp370,3.911643448,-0.267293739,6.067171097,1.505379791,2.201637573,2.971965561,6.881049118,0.436600494,12.5883284,4.603658028,0.676338565
2088,ssp370,4.19013237,0.07047596,6.060593796,1.642716522,2.159612579,3.081482849,7.10687233,0.264194107,12.99577621,5.124250526,0.791015323
2089,ssp370,4.045628586,0.076686668,5.750140762,1.502707214,1.875643463,2.884853516,7.361589584,-0.046243286,13.10034775,6.019217415,0.729251422
2090,ssp370,3.822364273,0.225926399,5.780665207,1.280413361,1.669143982,2.586088715,6.554942856,0.039382935,12.24614777,6.17883503,0.570175815
2091,ssp370,4.235460129,0.171926689,6.054984665,1.518103333,2.026391525,3.054865799,7.515389786,0.392255783,12.76277832,4.877337379,0.761838662
2092,ssp370,4.550769272,0.106702232,6.176426315,1.632154388,1.983361359,3.303651199,7.508315048,0.365384293,13.11282639,4.832583733,0.860317039
2093,ssp370,4.272281113,0.038735771,6.210219193,1.492419739,2.165209122,2.98467804,7.297662125,0.080181122,13.07283844,5.354982491,0.686893226
2094,ssp370,4.26325325,-0.034134865,6.273306656,1.604492493,2.334539719,3.182665024,7.541991959,0.401573181,13.378974,5.481709404,0.754112791
2095,ssp370,4.370472946,0.10274868,6.136700058,1.372585602,1.99204895,3.411086426,7.212664566,0.315608215,13.11266541,4.87452404,0.691981288
2096,ssp370,4.540400925,-0.140525246,6.131867599,1.670030518,2.229978104,3.162413177,7.696822128,0.11581192,13.01707367,5.640560646,0.695803508
2097,ssp370,4.29809288,-0.148941231,6.042082596,1.585976715,2.009398575,2.996743927,6.867361221,0.221339798,13.48367065,5.121332283,0.494593892
2098,ssp370,4.356039658,-0.135684395,5.929201889,1.420541687,1.818193359,3.058826218,6.974474106,0.073559952,13.54259705,4.899675484,0.390009239
2099,ssp370,4.438237991,-0.31015873,6.152988052,1.402273865,2.080346603,3.011660156,7.107387314,0.033336639,13.50594315,5.922723885,0.455785403
2100,ssp370,4.426117172,0.198755074,6.01101799,1.442711945,1.875002975,3.154821548,7.095551071,0.032276917,13.7575148,5.862025185,0.500035166
2015,ssp370-lowNTCF,0.31784996,-0.033696938,0.509916306,0.054397125,0.537055893,0.191358337,0.088536606,-0.213207626,1.259055939,1.280924339,0.176758485
2016,ssp370-lowNTCF,0.082339325,0.203909874,0.57514534,0.003480453,0.349414368,0.380286942,0.324094925,-0.107361984,1.672232666,0.961157341,0.123759747
2017,ssp370-lowNTCF,0.300899353,0.044246101,0.773961258,0.121026535,0.465830536,0.417482147,0.335030899,-0.201970291,1.96281189,0.865231438,0.191940317
2018,ssp370-lowNTCF,0.00618042,-0.119187355,0.757436752,-0.276168137,0.366115875,0.309053574,0.126347122,-0.259347916,2.010813751,1.844360847,0.071487644
2019,ssp370-lowNTCF,0.063987961,0.199382973,0.816369247,-0.012348633,0.542594833,0.112784348,0.548693619,-0.141987991,2.266232147,1.641446419,0.133893919
2020,ssp370-lowNTCF,0.434336319,-0.1052351,1.229983139,-0.104743271,0.618194122,0.305141983,0.535608444,-0.161734772,2.519267883,1.510361977,0.15835555
2021,ssp370-lowNTCF,0.16835083,-0.199102592,1.212549973,-0.131628494,0.528322906,0.096851501,0.318240891,-0.38015213,2.689681854,1.415255089,0.041334508
2022,ssp370-lowNTCF,-0.156167374,-0.16339016,1.120122147,-0.190748291,0.336242981,-0.050211945,0.047003708,-0.594817352,2.85193161,1.984176369,-0.104623172
2023,ssp370-lowNTCF,0.052372208,-0.510654259,1.158178329,-0.421292953,0.170255203,0.0922258,0.367797623,-0.571980667,2.805275574,1.270528145,-0.131049088
2024,ssp370-lowNTCF,-0.170697937,-0.514004326,1.429434586,-0.685952454,0.049393005,-0.060373535,0.231065903,-0.921852875,2.785059967,1.441975136,-0.280468788
2025,ssp370-lowNTCF,-0.034122238,-0.8314394,0.848812485,-0.829234009,-0.065563278,-0.24044899,-0.068956223,-1.062113571,2.794903412,0.5830373,-0.530021349
2026,ssp370-lowNTCF,-0.28322731,-0.626759911,1.026423264,-0.985257416,-0.239896088,-0.185751953,-0.093796005,-1.264251709,2.894937744,0.588611717,-0.499215697
2027,ssp370-lowNTCF,-0.314061508,-1.078809166,0.915395737,-1.462984543,-0.554074936,-0.609350433,-0.255074539,-1.823886871,3.276114502,1.07382061,-0.825620269
2028,ssp370-lowNTCF,-0.768599472,-0.992311668,0.822576523,-1.748144608,-0.749510651,-0.853521957,-0.836001053,-1.899975967,2.873329773,1.207196159,-1.003568982
2029,ssp370-lowNTCF,-0.689539108,-1.170953941,0.866406631,-1.803186111,-0.964222794,-0.890433731,-0.641620865,-2.255531311,3.287286224,0.566042442,-1.156956445
2030,ssp370-lowNTCF,-0.883387146,-1.384529686,0.830296707,-2.327949219,-1.000368958,-0.887049713,-1.015779343,-2.462266541,3.52356781,0.448531456,-1.295483109
2031,ssp370-lowNTCF,-0.872506866,-1.687955284,0.74636879,-2.447466354,-1.166843872,-1.266982117,-1.038669815,-2.565968323,3.451703491,0.644952507,-1.566333857
2032,ssp370-lowNTCF,-1.265964279,-1.536976051,0.702574539,-2.387593918,-1.181520538,-1.453908768,-1.455411758,-2.782075119,3.039478912,0.63150341,-1.678453984
2033,ssp370-lowNTCF,-1.135346375,-1.50116787,0.630734634,-2.451766663,-1.212827759,-1.250947037,-1.215163651,-2.7569767,2.89059433,-0.05058506,-1.651697167
2034,ssp370-lowNTCF,-1.157000504,-1.273902702,0.555465317,-2.502842789,-1.229393463,-1.215492859,-1.198932877,-2.83773613,2.990115967,0.171372719,-1.516523561
2035,ssp370-lowNTCF,-1.200684891,-1.48237133,0.66218071,-2.435870438,-1.291215591,-1.381958618,-1.318000259,-2.645508194,3.072098389,0.315445824,-1.644797956
2036,ssp370-lowNTCF,-1.109187851,-1.460056496,0.598270035,-2.625105743,-1.308115845,-1.475297775,-1.026758804,-2.704826736,3.17085022,-0.307414894,-1.683440956
2037,ssp370-lowNTCF,-1.24406601,-1.534943962,0.705437088,-2.745889359,-1.486045151,-1.543330612,-1.278119888,-2.914413452,3.20957016,0.074323387,-1.773867159
2038,ssp370-lowNTCF,-1.503637085,-1.694426537,0.833010483,-2.702896957,-1.569019775,-1.889975204,-1.617342606,-3.107017136,3.081706848,0.289031715,-1.985837104
2039,ssp370-lowNTCF,-1.5706884,-1.70017128,0.559996414,-3.009516602,-1.67107132,-1.984494629,-1.546402206,-3.08873024,3.458604279,-0.031809502,-2.046083576
2040,ssp370-lowNTCF,-1.610497818,-1.649822617,0.686230087,-2.720607071,-1.544567947,-1.787871399,-1.740234604,-3.01224823,3.074778595,-0.246627312,-2.035330709
2041,ssp370-lowNTCF,-1.513478241,-2.028748512,0.365565109,-3.087344818,-1.851051788,-1.819702759,-1.643789902,-3.252131271,2.847905579,-1.239415627,-2.171773152
2042,ssp370-lowNTCF,-1.80435463,-1.99372139,0.342336655,-3.386240082,-1.973725586,-2.185705032,-2.149889603,-3.45831604,2.750811615,-0.799460487,-2.332642337
2043,ssp370-lowNTCF,-2.270019684,-2.087540245,0.211118698,-3.363302689,-2.193825607,-2.325700607,-3.050255051,-3.533422089,2.371916809,-0.819816856,-2.571320672
2044,ssp370-lowNTCF,-2.238865051,-2.247305298,-0.045882034,-3.376282196,-2.100815659,-2.396995773,-2.79294838,-3.491012573,1.950228729,-1.737653999,-2.610783179
2045,ssp370-lowNTCF,-2.142159805,-2.221891403,-0.081053543,-3.496093445,-2.308983307,-2.262293854,-2.908639755,-3.741063309,2.058516541,-1.973863106,-2.690696178
2046,ssp370-lowNTCF,-2.15515152,-2.28519268,-0.191134262,-3.735860519,-2.327121048,-2.43323349,-3.045932236,-3.859375,2.135641327,-2.306297569,-2.813745413
2047,ssp370-lowNTCF,-2.746907959,-2.587862015,-0.366864395,-4.080634766,-2.638371735,-2.747443237,-4.084883347,-3.982249832,1.961434784,-1.22145031,-2.973822718
2048,ssp370-lowNTCF,-2.782293091,-2.603111458,-0.318574905,-3.983207779,-2.588950424,-2.801120224,-4.090710678,-3.943919373,1.539447632,-2.667503624,-3.122214468
2049,ssp370-lowNTCF,-2.915465317,-2.532905769,-0.432890701,-4.251934128,-2.794002991,-2.795308151,-4.140317764,-4.308784103,1.386774292,-2.90827549,-3.298412671
2050,ssp370-lowNTCF,-3.002873383,-2.705364609,-0.791897964,-4.215675049,-2.9419133,-3.02359127,-4.55159935,-4.381148529,1.154687347,-2.789264946,-3.412115321
2051,ssp370-lowNTCF,-2.947896347,-2.787675858,-0.456019974,-4.449963074,-3.093416672,-3.063115158,-4.489103165,-4.313234329,1.456073608,-2.843493538,-3.431855834
2052,ssp370-lowNTCF,-3.19337822,-2.612826157,-0.617648697,-4.291873627,-2.955660706,-3.42045578,-4.611751022,-4.364178848,1.720535889,-2.702041512,-3.461935323
2053,ssp370-lowNTCF,-3.218143997,-2.798524284,-0.614738846,-4.468333893,-2.979484253,-3.274906578,-4.966626968,-4.540978241,1.22877182,-2.798039894,-3.586502045
2054,ssp370-lowNTCF,-3.110626755,-2.883566093,-0.56642952,-4.265385132,-3.062591248,-3.221193924,-4.788005295,-4.35207901,1.699617615,-2.50912159,-3.478719453
2055,ssp370-lowNTCF,-3.39718338,-2.792680931,-0.741830826,-4.241660385,-2.81781929,-3.564046326,-4.930120316,-4.23262825,2.134870758,-2.412063484,-3.579928315
2056,ssp370-lowNTCF,-2.90392662,-2.632011414,-0.674284744,-4.373988037,-3.005231552,-3.082451286,-4.592389908,-4.568696976,2.070927277,-3.276837425,-3.528018524
2057,ssp370-lowNTCF,-2.950937042,-2.685456276,-0.508838272,-4.201570206,-2.91291626,-2.88756813,-4.392223587,-4.538799667,2.413293304,-3.246029167,-3.430833961
2058,ssp370-lowNTCF,-3.013770828,-2.670265388,-0.465800095,-4.266227036,-2.900141983,-3.119362488,-4.517629471,-4.530450821,2.484263458,-2.404087334,-3.411891621
2059,ssp370-lowNTCF,-3.003645096,-2.745765495,-0.839222336,-4.369639664,-2.891968994,-3.178766861,-4.445394363,-4.315746307,2.417841949,-2.898735313,-3.424111296
2060,ssp370-lowNTCF,-2.996572647,-2.67814827,-0.610194016,-4.274300842,-2.933029251,-3.141070976,-4.620466843,-4.533852768,2.767018738,-3.194323997,-3.527342845
2061,ssp370-lowNTCF,-2.918115768,-3.034486198,-0.508323288,-4.166184692,-2.879202728,-3.173851814,-4.396348038,-4.551686096,3.196162262,-3.136741905,-3.609385545
2062,ssp370-lowNTCF,-2.989090118,-2.784571648,-0.745559311,-4.488713913,-3.067237549,-3.322177162,-4.322651901,-4.66517601,2.737662354,-2.5297118,-3.69823783
2063,ssp370-lowNTCF,-3.119197998,-2.865500641,-0.724625778,-4.400456314,-2.961674194,-3.292217865,-4.907928696,-4.453556442,2.490305176,-3.000898247,-3.664584638
2064,ssp370-lowNTCF,-3.135367355,-2.832612228,-0.627035904,-4.106939011,-2.933526306,-3.243931427,-4.822963943,-4.413507462,2.98063797,-3.477277641,-3.712713574
2065,ssp370-lowNTCF,-2.915818176,-2.836215019,-0.777210617,-4.282798843,-2.908404236,-3.267675819,-4.36262001,-4.579003906,2.925845947,-3.165001945,-3.683166247
2066,ssp370-lowNTCF,-3.118433151,-2.718087006,-0.651205063,-4.463882523,-2.938879852,-3.412006035,-4.725728073,-4.57660675,3.047321167,-2.385082512,-3.699335823
2067,ssp370-lowNTCF,-2.997680817,-2.587846756,-0.568990707,-4.346538239,-2.874765472,-3.324802818,-4.710144272,-4.547575378,3.407694855,-2.774196892,-3.671971445
2068,ssp370-lowNTCF,-2.982987747,-2.597571754,-0.635567093,-4.398890381,-3.083316116,-3.434490814,-4.702735367,-4.580043793,3.633611145,-2.347226982,-3.673446734
2069,ssp370-lowNTCF,-3.2911203,-2.54596138,-0.639225388,-4.337637787,-2.928419952,-3.519120255,-4.994301834,-4.430617905,4.140801849,-2.783046608,-3.719638279
2070,ssp370-lowNTCF,-2.695871506,-2.764031219,-0.450984573,-4.175105743,-2.995207672,-3.174553719,-4.148282852,-4.603695679,3.889503326,-3.698604851,-3.602162135
2071,ssp370-lowNTCF,-2.845533524,-2.760502625,-0.665613174,-4.401483612,-2.851343613,-3.235523834,-4.52285408,-4.498787308,3.70701355,-3.135636024,-3.64438035
2072,ssp370-lowNTCF,-3.173840103,-2.998174667,-0.846120834,-4.364108353,-2.828669434,-3.507713547,-4.888032761,-4.52676506,4.001441803,-2.84229496,-3.809462746
2073,ssp370-lowNTCF,-3.311689529,-2.809049034,-0.727145004,-4.528707962,-2.882507782,-3.698745575,-4.781305923,-4.599200821,4.257874146,-2.79246624,-3.87900221
2074,ssp370-lowNTCF,-2.810626755,-2.798546028,-0.977624893,-4.510774689,-3.277686386,-3.430351295,-4.738813248,-4.871775818,4.110354462,-2.857684212,-3.84141544
2075,ssp370-lowNTCF,-2.985030899,-2.857011223,-0.688792801,-4.233340149,-2.887556534,-3.408823433,-4.802614059,-4.705499649,4.371523895,-3.082832222,-3.811389156
2076,ssp370-lowNTCF,-2.959414063,-2.962064362,-0.967595291,-4.513443069,-3.206909256,-3.501624908,-4.915654221,-4.918710709,4.340156403,-3.220892601,-3.931231508
2077,ssp370-lowNTCF,-3.14077774,-2.880427933,-0.95487175,-4.399045639,-2.973183136,-3.565132179,-5.02075676,-4.704992294,4.340834656,-2.722981911,-3.850606856
2078,ssp370-lowNTCF,-3.110335312,-2.817203331,-1.053303146,-4.445926743,-3.042897491,-3.58251461,-5.16202034,-4.664974976,4.468464508,-3.215223198,-3.909533184
2079,ssp370-lowNTCF,-2.832759247,-2.981257248,-0.68304863,-4.356689148,-2.941245728,-3.437086525,-4.567830887,-4.704324341,4.806233826,-3.729391747,-3.901149221
2080,ssp370-lowNTCF,-2.91549202,-2.827339172,-0.993728256,-4.448009186,-3.103956299,-3.445164528,-4.731322708,-4.762944794,4.6682341,-3.176197701,-3.888957267
2081,ssp370-lowNTCF,-2.771600494,-2.747285461,-0.980949783,-4.516748123,-3.022242813,-3.292093315,-4.803644791,-4.740554047,4.468985596,-3.472031288,-3.823631745
2082,ssp370-lowNTCF,-2.835553131,-3.063765335,-0.866679001,-4.412109833,-3.122713928,-3.420879974,-4.640218582,-4.859762573,4.913446655,-3.377262764,-3.953651982
2083,ssp370-lowNTCF,-3.115638885,-2.979065132,-0.867925644,-4.701927261,-2.997860413,-3.864600029,-5.281151047,-5.016493607,4.900240936,-2.573005562,-4.109388063
2084,ssp370-lowNTCF,-3.239497147,-3.06424408,-1.051684189,-4.574858551,-3.040627365,-3.806316986,-5.601169815,-4.924778366,5.02808136,-3.290668373,-4.144381563
2085,ssp370-lowNTCF,-2.874253998,-3.197431374,-0.9403759,-4.551246719,-3.137984161,-3.689508095,-4.959160843,-4.726512527,5.283615723,-3.974499397,-4.111224556
2086,ssp370-lowNTCF,-2.690993652,-3.09112587,-0.759963608,-4.379843216,-3.021551208,-3.308579102,-4.465806808,-4.774807358,5.317050781,-3.996882896,-3.981137197
2087,ssp370-lowNTCF,-2.875888596,-3.170721436,-0.978911972,-4.595362167,-3.126791458,-3.597503891,-4.823355331,-4.976714706,5.130953827,-3.540978508,-4.096730118
2088,ssp370-lowNTCF,-3.208426437,-3.04008255,-1.305688095,-4.611554413,-3.252360611,-3.746477928,-5.418525925,-5.068862915,5.258141937,-3.444492226,-4.310950575
2089,ssp370-lowNTCF,-2.950125656,-2.967611694,-1.11607399,-4.629808884,-3.22658165,-3.807303848,-5.253795853,-5.054516983,5.788448944,-3.284833031,-4.182378998
2090,ssp370-lowNTCF,-2.63599144,-3.04980278,-1.102106094,-4.626792221,-3.189230423,-3.498229256,-4.829558029,-5.168351746,5.58743042,-4.102223854,-4.147904122
2091,ssp370-lowNTCF,-2.489226685,-2.949325752,-1.005794907,-4.440109711,-3.251218491,-3.364807358,-4.818760147,-5.144542313,5.713001862,-4.219195824,-4.105029507
2092,ssp370-lowNTCF,-2.500368271,-3.017443657,-1.069001389,-4.613676147,-3.247721939,-3.529634705,-4.775377121,-5.19022789,5.469155731,-3.6584338,-4.078124013
2093,ssp370-lowNTCF,-2.833168945,-3.0694067,-1.008014297,-4.652621536,-3.089642029,-3.705162659,-5.167820969,-4.992350388,5.574153748,-3.350743752,-4.237753054
2094,ssp370-lowNTCF,-2.904103622,-3.157742691,-1.217625046,-4.812396317,-3.230746155,-3.897541275,-5.319674911,-5.269374847,5.425463715,-3.345756416,-4.384073533
2095,ssp370-lowNTCF,-2.571166382,-3.232904243,-1.26343956,-4.68925293,-3.272818451,-3.606789055,-4.735543289,-5.19580307,5.773609009,-4.341528587,-4.350339945
2096,ssp370-lowNTCF,-2.718243942,-3.149614716,-1.303702927,-4.704301529,-3.181967621,-3.604098549,-5.009951248,-5.201428986,5.539876404,-4.023119621,-4.328357233
2097,ssp370-lowNTCF,-2.816142807,-3.313622665,-1.472253036,-4.748135834,-3.544596176,-3.673855629,-5.425151291,-5.404415512,5.775626984,-3.81518734,-4.418672729
2098,ssp370-lowNTCF,-2.861957321,-3.06776886,-1.385342789,-4.982085876,-3.368941956,-4.074879303,-5.113826981,-5.471207047,5.747235718,-3.389850883,-4.503111659
2099,ssp370-lowNTCF,-2.933475647,-2.941341782,-1.697081375,-5.111716919,-3.531853943,-3.881514015,-5.267647018,-5.646304321,5.587755432,-4.116056709,-4.560400156
2100,ssp370-lowNTCF,-2.754727325,-3.222243881,-1.370979691,-4.927251129,-3.613500671,-3.511980286,-5.463962784,-5.60434761,6.10953125,-3.902162437,-4.509467793
2015,ssp370-lowNTCFCH4,0.152498856,0.098039436,0.426223373,-0.067168884,0.368127365,0.181683121,0.006372604,-0.161227417,1.639723053,1.269853325,0.187335193
2016,ssp370-lowNTCFCH4,0.264943542,-0.039081764,0.651411057,-0.068970947,0.261565704,0.349794922,0.467477188,-0.184181976,1.783755341,0.868160362,0.097367696
2017,ssp370-lowNTCFCH4,0.136923447,-0.030770683,0.368864059,-0.059529953,0.250659103,0.246890411,0.352179489,-0.201155853,2.127308502,1.319593925,0.073238402
2018,ssp370-lowNTCFCH4,0.171417847,-0.132996559,0.865677261,0.176668091,0.382141037,0.208759842,0.44211937,-0.313322449,2.25049881,1.143870659,0.084100242
2019,ssp370-lowNTCFCH4,0.248636475,-0.181323051,0.792563248,-0.025108414,0.29782135,0.318860397,0.164837418,-0.261948395,2.325280609,1.002170677,0.14326035
2020,ssp370-lowNTCFCH4,0.387802734,-0.173940086,0.997378922,-0.138458328,0.409027786,0.423682556,0.650299606,-0.185959625,2.750626221,1.131624718,0.232088715
2021,ssp370-lowNTCFCH4,0.03201622,-0.130742073,1.024918747,-0.086711197,0.432149048,0.066894302,0.416406784,-0.281885147,2.59,2.052489586,0.096578617
2022,ssp370-lowNTCFCH4,0.079417267,-0.315464211,1.14295845,-0.325557404,0.261021729,-0.087104263,0.231229172,-0.626195526,2.855910339,1.81735508,-0.119471846
2023,ssp370-lowNTCFCH4,-0.257690201,-0.271745491,1.200097275,-0.600101547,-0.0712117,-0.125745621,-0.270985641,-0.89265976,3.044880524,1.624517174,-0.280140022
2024,ssp370-lowNTCFCH4,-0.121090851,-0.515667915,1.032619095,-0.750986557,-0.143644409,-0.247719803,-0.012366714,-1.057596588,2.489191284,1.516820259,-0.448932475
2025,ssp370-lowNTCFCH4,-0.42774025,-0.656724358,0.519868088,-1.37019165,-0.362995224,-0.481400909,-0.401642838,-1.63428421,2.186528625,1.422441216,-0.731060529
2026,ssp370-lowNTCFCH4,-0.75223938,-0.818387413,0.450424576,-1.531647186,-0.416148834,-0.702639618,-0.945446243,-1.646831894,2.567410126,0.86358387,-0.854600178
2027,ssp370-lowNTCFCH4,-0.875185928,-1.137393761,0.515620804,-1.700870209,-0.943311386,-0.754551926,-1.086870041,-2.050740814,2.40696701,0.299089928,-1.113082732
2028,ssp370-lowNTCFCH4,-0.922371826,-1.202445793,0.347066879,-2.377835541,-1.149213104,-1.110769882,-1.102826157,-2.591548538,2.696528473,0.736433144,-1.430413023
2029,ssp370-lowNTCFCH4,-1.431259308,-1.473062325,-0.085055161,-2.494966965,-1.583865051,-1.427393188,-1.960820999,-2.775687408,1.991293182,0.293364067,-1.730452993
2030,ssp370-lowNTCFCH4,-1.802294693,-1.92799015,-0.284566116,-3.229010468,-1.925540237,-1.64197258,-2.315252151,-3.336061859,1.581969299,-0.068069725,-2.122134775
2031,ssp370-lowNTCFCH4,-1.882119141,-1.966132164,-0.615365219,-3.252537994,-1.796490555,-1.609318771,-2.566696396,-3.347405624,1.7482901,-0.576825218,-2.203636484
2032,ssp370-lowNTCFCH4,-2.221551285,-1.926190376,-0.604072952,-3.399337845,-1.856399994,-1.849591675,-2.834914627,-3.473086548,1.962227478,0.026276512,-2.303359577
2033,ssp370-lowNTCFCH4,-2.297261581,-2.134665871,-0.865571213,-3.664096909,-2.232856445,-2.010013046,-3.103307571,-3.66800499,1.426024475,-0.393752937,-2.490407572
2034,ssp370-lowNTCFCH4,-2.271655045,-2.329427528,-0.93765831,-3.875055008,-2.416634064,-2.048523178,-3.174250259,-3.796666336,1.011642303,-1.369535713,-2.641352513
2035,ssp370-lowNTCFCH4,-2.466723022,-2.371053505,-1.190811539,-4.029673843,-2.591869812,-2.348550644,-3.440806046,-4.093109894,0.79242691,-0.790575294,-2.80757917
2036,ssp370-lowNTCFCH4,-2.929149017,-2.725768852,-1.474996567,-4.278110199,-2.923139267,-2.426345291,-4.329993668,-4.25760994,0.368010559,-0.686020927,-3.096194574
2037,ssp370-lowNTCFCH4,-3.031244049,-2.720482826,-1.771235275,-4.518201141,-3.083615189,-2.515022888,-4.250268784,-4.56703949,0.422710266,-1.765691643,-3.270756755
2038,ssp370-lowNTCFCH4,-3.244742737,-3.029018021,-1.911450577,-4.806701736,-2.991861038,-2.730048218,-4.15713295,-4.586857986,0.377210083,-1.760710411,-3.453632087
2039,ssp370-lowNTCFCH4,-3.519654236,-2.985115623,-1.878920364,-5.032908707,-3.462394791,-3.067074051,-4.840019455,-4.806783676,0.027234497,-1.534234123,-3.625268834
2040,ssp370-lowNTCFCH4,-3.760124741,-2.999739647,-2.358363724,-5.49105957,-3.867907791,-3.232556763,-5.262357559,-5.098298645,-0.265008698,-1.950301247,-3.886241082
2041,ssp370-lowNTCFCH4,-4.021513519,-3.270121765,-2.533066177,-5.50406044,-3.868140488,-3.366846313,-5.83144249,-5.193461609,-0.859990082,-1.918515282,-4.080087107
2042,ssp370-lowNTCFCH4,-4.398570404,-3.487892342,-2.913823318,-5.787015991,-4.232630234,-3.760820618,-6.529128494,-5.460837173,-0.922741089,-2.86423214,-4.357784237
2043,ssp370-lowNTCFCH4,-4.450028763,-3.815424728,-3.123421097,-6.111876755,-4.359354858,-3.705715027,-6.569143143,-5.871832275,-1.643002472,-3.443510704,-4.654726603
2044,ssp370-lowNTCFCH4,-4.616947708,-3.914291763,-3.080009842,-6.258427887,-4.40736969,-3.742921677,-6.865819778,-6.02242775,-1.52561203,-3.683141594,-4.67442737
2045,ssp370-lowNTCFCH4,-4.627346954,-4.127186966,-3.261589432,-6.364860992,-4.483230667,-3.890694656,-6.668946304,-6.125063705,-1.520411835,-3.828182487,-4.841245035
2046,ssp370-lowNTCFCH4,-5.268492279,-4.195783997,-3.935080338,-7.030139236,-5.186567001,-4.289776459,-7.917822495,-6.689623642,-2.247569427,-3.29926136,-5.249084254
2047,ssp370-lowNTCFCH4,-5.438979874,-4.073105431,-4.056402206,-6.812097626,-5.02364357,-4.362078323,-8.087748184,-6.511421585,-2.918010864,-4.243273048,-5.274995802
2048,ssp370-lowNTCFCH4,-5.46245285,-4.277936172,-4.185624313,-7.11332634,-5.178916245,-4.438138618,-8.180850449,-6.828152084,-2.957476959,-4.787977486,-5.486745252
2049,ssp370-lowNTCFCH4,-5.780586777,-4.602685738,-4.452978897,-7.686828308,-5.622713928,-4.679721107,-8.731559982,-7.103544998,-3.372503052,-4.521248512,-5.738906747
2050,ssp370-lowNTCFCH4,-6.254894028,-4.642877007,-4.688810349,-7.551515274,-5.591418152,-5.036751976,-9.566514053,-7.219927979,-3.897296295,-4.801574974,-5.960032646
2051,ssp370-lowNTCFCH4,-6.360516129,-4.93956337,-4.784626389,-7.771466522,-5.71263855,-5.255991402,-9.714672318,-7.299598312,-3.811691437,-5.117619591,-6.177413749
2052,ssp370-lowNTCFCH4,-6.400015793,-4.849241066,-4.854676437,-7.675207977,-5.806417542,-5.148236122,-9.616929092,-7.364260483,-3.702378998,-4.996710472,-6.136743806
2053,ssp370-lowNTCFCH4,-6.600691376,-4.812605667,-5.10254097,-8.124506454,-6.112323074,-5.237488976,-10.10287956,-7.52538147,-3.838749847,-5.060787849,-6.307990508
2054,ssp370-lowNTCFCH4,-6.62037941,-5.096936226,-5.25569191,-8.261146622,-6.038660889,-5.35554985,-10.08694901,-7.451082993,-3.460914764,-5.426061516,-6.410550981
2055,ssp370-lowNTCFCH4,-6.47974411,-4.891974068,-5.263744736,-8.131430893,-6.093359833,-5.123529282,-9.986006393,-7.672756958,-3.669619904,-5.520019035,-6.36209275
2056,ssp370-lowNTCFCH4,-6.403954468,-5.023331833,-5.355584335,-8.187024765,-6.287063293,-5.200840034,-9.79566597,-7.800384903,-3.824759827,-5.793279533,-6.369423335
2057,ssp370-lowNTCFCH4,-6.701452026,-4.929600906,-5.424197006,-8.254212265,-6.257356339,-5.248215523,-10.44256844,-7.697091293,-4.223550568,-5.388620644,-6.414545657
2058,ssp370-lowNTCFCH4,-6.920214233,-5.082721901,-5.587288284,-8.273104935,-6.327061157,-5.303541412,-10.51756882,-7.808703995,-3.671550903,-5.240429955,-6.554780492
2059,ssp370-lowNTCFCH4,-6.619973526,-5.151496124,-5.671714401,-8.148331528,-6.260929184,-5.220701828,-9.942445602,-8.036885071,-3.567749939,-6.208476143,-6.589420978
2060,ssp370-lowNTCFCH4,-6.59633728,-5.337882614,-5.822929001,-8.364321213,-6.58270462,-5.277962723,-10.09816231,-8.188703918,-3.711501465,-5.580514412,-6.594040535
2061,ssp370-lowNTCFCH4,-7.107411346,-5.15682869,-5.895029831,-8.578547745,-6.460115891,-5.572821655,-11.03908371,-8.286451721,-4.239542542,-5.500018959,-6.803652303
2062,ssp370-lowNTCFCH4,-7.222680054,-5.308428383,-6.037031174,-8.57867363,-6.47729538,-5.727818146,-11.09965958,-8.124908829,-3.532397614,-5.59997776,-6.930254261
2063,ssp370-lowNTCFCH4,-7.027266083,-5.24027977,-6.079266739,-8.796910172,-6.627626495,-5.644308319,-10.87270302,-8.325653458,-3.6047258,-5.862147408,-6.886265215
2064,ssp370-lowNTCFCH4,-7.125435791,-5.452186966,-6.118829727,-8.746304016,-6.807804947,-5.65498661,-10.80985817,-8.472793579,-3.626925812,-5.999720268,-7.029350295
2065,ssp370-lowNTCFCH4,-7.192893372,-5.225474358,-6.302800369,-8.824342804,-6.694648056,-5.702504768,-11.07128014,-8.304377365,-3.508291016,-5.692602043,-6.922422796
2066,ssp370-lowNTCFCH4,-7.08328186,-5.283678818,-6.315843582,-8.700114899,-6.884001236,-5.646084251,-11.1363932,-8.519864655,-3.481349335,-5.794062309,-7.038793847
2067,ssp370-lowNTCFCH4,-7.313975296,-5.318972206,-6.485832596,-9.039690475,-6.843035583,-5.736425056,-11.36055588,-8.670214081,-3.910549316,-6.066149406,-7.095079871
2068,ssp370-lowNTCFCH4,-7.294351349,-5.573764992,-6.493434525,-8.908355026,-6.844207458,-5.841285934,-11.16850037,-8.495818329,-3.479891357,-6.125989037,-7.127903334
2069,ssp370-lowNTCFCH4,-7.31584259,-5.493226433,-6.587448502,-9.088666229,-6.814002304,-5.849328461,-11.06463493,-8.573898315,-3.215619812,-5.899174767,-7.200102982
2070,ssp370-lowNTCFCH4,-7.53641983,-5.463778877,-6.478622055,-8.899900131,-6.855970459,-5.919302025,-11.45106682,-8.680454636,-3.238966522,-6.04179142,-7.223860039
2071,ssp370-lowNTCFCH4,-7.514335785,-5.533866882,-6.710905075,-9.129933243,-6.952597122,-6.030678787,-11.63547577,-8.790654373,-3.452118835,-5.812854652,-7.266580658
2072,ssp370-lowNTCFCH4,-7.512752304,-5.687518311,-6.915264511,-9.156040649,-7.044510345,-6.02496418,-11.45734314,-8.869101715,-3.64030777,-6.209543877,-7.406968486
2073,ssp370-lowNTCFCH4,-7.504975662,-5.645013428,-6.681268692,-9.231586914,-6.926562958,-5.982982674,-11.44185928,-8.701334381,-3.489645538,-6.164813881,-7.295990116
2074,ssp370-lowNTCFCH4,-7.522918091,-5.746576118,-6.986622238,-9.367616348,-7.134597473,-6.091109505,-11.5991774,-9.063554382,-3.415958557,-6.235294228,-7.512445922
2075,ssp370-lowNTCFCH4,-7.703063354,-5.904916763,-7.048382187,-9.168373947,-7.081107788,-6.197207108,-12.12584976,-8.94100647,-3.481298981,-6.842446785,-7.559579112
2076,ssp370-lowNTCFCH4,-7.47648674,-5.971813774,-7.039481735,-9.36196907,-7.267279892,-6.114830055,-11.56333565,-9.221959686,-3.131405029,-6.619124107,-7.552071521
2077,ssp370-lowNTCFCH4,-7.694654236,-6.008044624,-7.352910233,-9.493814926,-7.414744644,-6.301353493,-11.98975357,-9.317398453,-3.408512268,-6.239891701,-7.690311198
2078,ssp370-lowNTCFCH4,-7.800312958,-5.865376472,-7.269588089,-9.604254608,-7.414382629,-6.198223724,-12.58354897,-9.072668457,-3.71606842,-7.05671566,-7.671777848
2079,ssp370-lowNTCFCH4,-7.330584488,-5.875632095,-7.365972519,-9.635021286,-7.392915039,-6.064180031,-11.83493256,-9.257040024,-3.156954346,-7.161858635,-7.625812779
2080,ssp370-lowNTCFCH4,-7.573657379,-5.84610939,-7.238337326,-9.531839066,-7.44763382,-6.083197441,-12.02115158,-9.292663956,-3.365365753,-6.746975212,-7.630559484
2081,ssp370-lowNTCFCH4,-7.696012268,-5.697150612,-7.439414597,-9.743707733,-7.302704315,-6.209163322,-12.39294876,-9.331656647,-3.780594025,-6.656656532,-7.69383018
2082,ssp370-lowNTCFCH4,-7.89497467,-5.807182121,-7.692079544,-9.73447464,-7.408034592,-6.289230194,-12.61543335,-9.364606476,-3.638714752,-6.705265694,-7.762863927
2083,ssp370-lowNTCFCH4,-7.833721313,-5.84836731,-7.719532394,-9.778755264,-7.579872589,-6.484141197,-12.69711594,-9.5497509,-3.513009033,-6.838841133,-7.877742389
2084,ssp370-lowNTCFCH4,-7.694246063,-5.88964386,-7.776344681,-9.604248886,-7.634400635,-6.281333199,-12.1881144,-9.498255539,-3.328183899,-7.195768242,-7.818426208
2085,ssp370-lowNTCFCH4,-7.74561554,-5.901732635,-7.870984268,-9.918724136,-7.738525467,-6.325862923,-12.64153084,-9.447476196,-3.122580872,-7.100805931,-7.924300199
2086,ssp370-lowNTCFCH4,-7.893124924,-5.775157738,-7.988402939,-9.900552826,-7.716751175,-6.329268494,-12.64802841,-9.751641083,-3.545625458,-7.043973045,-7.968700832
2087,ssp370-lowNTCFCH4,-7.826316223,-6.07443676,-7.932413864,-9.954730301,-7.661241226,-6.456259956,-12.52542633,-9.692115784,-3.462256012,-7.183642845,-8.035172533
2088,ssp370-lowNTCFCH4,-7.892459641,-6.046489334,-7.964191055,-10.15937508,-7.719570236,-6.53422226,-12.78749374,-9.808905029,-3.4176828,-6.938474541,-8.056272448
2089,ssp370-lowNTCFCH4,-8.0013517,-6.223243141,-8.075738144,-9.973759918,-7.668935471,-6.649399414,-13.02631973,-9.778467941,-3.325246582,-6.944766502,-8.096109782
2090,ssp370-lowNTCFCH4,-7.811219559,-6.222689247,-8.060346603,-10.21775978,-7.958825378,-6.414258804,-12.49250435,-10.04809608,-3.296888123,-7.362430077,-8.231239693
2091,ssp370-lowNTCFCH4,-7.772108994,-6.170316505,-7.922883224,-10.0554982,-7.7895047,-6.450588264,-12.84958862,-9.949453735,-3.511260376,-7.256922417,-8.218266283
2092,ssp370-lowNTCFCH4,-7.890439758,-6.221550941,-8.270938492,-10.14709175,-7.970257263,-6.313537445,-13.02120193,-9.954163361,-3.085096893,-7.519671135,-8.224399218
2093,ssp370-lowNTCFCH4,-7.916264496,-6.05287323,-8.173640823,-10.25544098,-7.830977707,-6.551232758,-12.96093391,-9.959147263,-3.272453461,-6.999364357,-8.136261962
2094,ssp370-lowNTCFCH4,-8.201635132,-6.330556488,-8.39636116,-10.23086937,-7.928150635,-6.65257019,-13.6332972,-9.986419678,-3.744649658,-7.709150581,-8.354193229
2095,ssp370-lowNTCFCH4,-7.838904724,-6.46101532,-8.454202652,-10.32955902,-8.012634354,-6.527694168,-13.17506813,-10.03067894,-3.362644348,-8.154297523,-8.385702902
2096,ssp370-lowNTCFCH4,-7.981728897,-6.220965958,-8.586640549,-10.20530174,-7.902290039,-6.65004982,-12.96650108,-10.04980812,-3.046476135,-7.264416771,-8.339830069
2097,ssp370-lowNTCFCH4,-8.231591568,-6.409983635,-8.814191818,-10.54128159,-8.365702515,-6.8093964,-13.58628906,-10.43341446,-3.07696701,-7.520348625,-8.556923733
2098,ssp370-lowNTCFCH4,-8.078736267,-6.503680611,-8.807950974,-10.51640099,-8.15995491,-6.67340683,-13.66202911,-10.45987434,-3.468968353,-8.113765602,-8.616770696
2099,ssp370-lowNTCFCH4,-8.034136734,-6.422741318,-8.768115616,-10.63535698,-8.083147888,-6.635181656,-13.47343811,-10.38498573,-3.241224823,-7.934086876,-8.55119864
2100,ssp370-lowNTCFCH4,-8.016691685,-6.686654615,-9.722800159,-11.24736557,-8.711367893,-6.405695629,-13.87721825,-10.77107258,-3.334702969,-8.608859301,-8.860887615
2015,ssp585,0.360438919,0.12718854,0.910117149,0.046241283,0.297498703,0.403642845,0.349550819,-0.325578403,1.280305195,1.234607744,0.242419193
2016,ssp585,0.271361923,-0.037974024,0.784452438,0.153296947,0.81434536,0.249994946,-0.052832985,-0.144814682,1.822120953,1.056525755,0.310973723
2017,ssp585,0.607371426,-0.069062376,1.121762276,0.191477776,0.504005432,0.542164516,0.548375702,-0.055854511,2.481031704,0.896566916,0.219379494
2018,ssp585,0.483773327,0.023784971,1.242733002,0.218152046,0.725217342,0.952647877,0.823046303,-0.133106899,3.462417889,1.362432051,0.348367458
2019,ssp585,0.720244503,0.19663558,1.412602425,0.303497791,0.586622238,0.843783569,1.020708656,-0.349403572,2.659071255,1.616920519,0.346412521
2020,ssp585,0.551028824,0.38164649,1.586309433,0.5504179,0.644146919,0.945999336,1.00905571,-0.385120583,2.768075275,1.684359121,0.447630192
2021,ssp585,0.958000755,0.537315226,1.965821266,0.721538544,1.015837193,1.131742191,1.253092384,0.098849106,4.222930241,1.416750956,0.612011969
2022,ssp585,1.49613533,-0.013223791,1.998684883,0.800208092,1.089360714,1.351303768,2.128271675,0.000306892,3.984353352,1.051228571,0.637483834
2023,ssp585,1.362355804,0.334703779,1.885754585,0.353600502,0.700847626,1.197810841,1.477687454,-0.215061855,4.01344614,2.370356607,0.684165357
2024,ssp585,0.936840153,0.419876909,2.019021988,0.638250828,0.827188015,1.053205681,0.992903328,-0.046891403,4.252235699,2.232875395,0.670550281
2025,ssp585,1.228339291,0.262110567,2.371769905,0.441644192,0.922168255,0.747315121,1.557361221,-0.182382298,4.933285046,1.661172915,0.556303376
2026,ssp585,1.605857468,0.09105525,2.467736244,0.462221622,1.073858738,0.933742237,2.313873863,-0.338103962,5.225926685,1.723108339,0.529357197
2027,ssp585,1.608975983,0.077068186,2.389807701,0.289366722,0.732532024,0.921805573,1.881852722,-0.640484524,4.966264057,1.729942369,0.442505918
2028,ssp585,1.278940773,0.226620054,2.113267899,0.166128635,0.855887413,0.829620552,1.200937843,-0.698619556,3.65893774,2.4548841,0.364510183
2029,ssp585,1.363612747,-0.15078845,2.250164032,-0.063739777,0.684916973,0.647786808,1.551429367,-0.687047672,4.419291782,2.394875097,0.319526138
2030,ssp585,1.471817589,-0.063289309,2.485844612,0.177556038,0.639679909,1.029072475,0.757901764,-0.767426682,4.353690434,1.746448088,0.325731555
2031,ssp585,1.64847908,-0.153954172,2.53627491,0.055552483,0.534602642,0.951594067,1.572800255,-0.938912582,5.149755764,2.170063543,0.285379121
2032,ssp585,1.76245079,0.067261076,2.892947197,0.322818756,0.618470669,1.088813496,1.87509594,-0.665349197,4.879754353,2.44476943,0.409679871
2033,ssp585,1.895443058,0.043969965,2.404859543,0.133110046,0.377167702,0.889702511,1.931757545,-0.723475647,5.144142437,2.7209373,0.456003442
2034,ssp585,2.334637737,-0.078627729,2.82668972,0.454074383,0.914571762,1.385888767,1.915670013,-0.326011372,5.179301548,1.994415331,0.613376711
2035,ssp585,2.79685936,-0.119860792,2.955686569,1.019292355,1.296420097,1.504419994,2.959060287,-0.569049549,5.140930462,2.228558588,0.612721348
2036,ssp585,2.49299202,0.478805399,2.987839699,0.977518559,0.975559711,1.407045078,2.408714867,-0.296619129,5.030072498,2.904788542,0.813434775
2037,ssp585,2.332757568,0.290061331,3.150620461,0.5178895,1.080888271,1.220556927,1.726683235,-0.346299839,5.232495594,3.251971292,0.627553231
2038,ssp585,2.297395325,0.213925219,3.318393707,0.917338371,1.219603062,1.449836922,1.898233986,-0.138430786,5.099609661,2.521035242,0.673894445
2039,ssp585,2.998397446,0.159349775,3.653623581,0.900510788,1.168647289,1.747522068,2.884862518,-0.248798084,6.506470966,2.525672483,0.8707892
2040,ssp585,2.875502205,0.634009695,3.480690002,1.003070354,1.188819408,1.517967892,2.670725441,-0.210814667,5.08883791,3.435067701,0.928255966
2041,ssp585,3.038286781,0.298636293,3.795575142,1.107458591,1.36798811,1.390795422,2.741850471,0.135338593,6.287194538,3.17357688,0.968525578
2042,ssp585,3.055114365,0.330149508,3.860502243,1.285129547,1.306018829,1.66518755,2.485642052,0.204706955,6.006105709,3.022814798,0.922226171
2043,ssp585,3.070965385,0.423423147,4.046295166,1.258741379,1.45297575,1.503233147,2.777752495,0.096112061,6.51748209,3.275566149,0.836153417
2044,ssp585,3.288914299,0.533836222,3.725534439,1.430435181,1.386221886,1.612610054,2.863539314,0.125116634,6.649376202,2.583814669,0.870695973
2045,ssp585,4.146263695,0.097979403,4.172904968,1.686724663,1.620557785,2.218715858,4.152553177,0.156207371,6.643089581,1.645939875,1.069101345
2046,ssp585,4.103829956,0.416354513,4.551948547,1.647561073,1.606569767,2.391474915,3.757149315,0.617672729,6.510368633,2.562693167,1.316586428
2047,ssp585,4.007702446,0.916634893,4.176009178,1.964663506,1.88800621,2.267379951,3.516047096,0.759482193,6.729050922,2.687693644,1.475000072
2048,ssp585,3.914411163,0.583015776,4.534745216,1.930327415,1.750088692,1.716192913,3.025995827,0.683955956,6.509834576,3.167129087,1.260074022
2049,ssp585,4.006223297,0.613706446,4.496394157,1.766539574,1.338228703,1.842755032,3.392593956,0.621225166,7.364043522,2.756433535,1.113812161
2050,ssp585,4.198073006,0.782983637,4.714235306,2.089327812,1.883345127,2.179697704,3.762237167,0.837755013,7.09985857,2.257413912,1.390770479
2051,ssp585,4.497901535,0.622148371,4.778196335,2.037715912,1.789051056,2.011209202,4.174281693,0.529019642,8.359869289,2.942107248,1.264216553
2052,ssp585,4.552742577,0.566477156,4.689557076,2.237915039,1.965642452,2.040224743,3.838125801,0.874309826,7.119117069,2.958970118,1.30579117
2053,ssp585,4.382235146,0.781032419,4.942753792,2.089426041,1.773330212,2.215655518,3.392029381,0.899533081,7.801191616,2.814391184,1.283095554
2054,ssp585,4.920799828,0.944767332,5.15351963,2.679310799,1.676671505,2.331645203,4.830219841,0.922357368,8.897199917,2.692384291,1.457332838
2055,ssp585,5.423638916,0.9133986,4.977280617,2.633276939,1.788602829,2.435114574,4.924094772,1.117158699,7.860812473,2.051614809,1.582976975
2056,ssp585,5.322727776,0.856595373,4.9366045,2.674150467,1.924608231,2.491104317,4.489645576,1.072183418,7.879641819,2.911016989,1.562113961
2057,ssp585,5.482827759,0.818503714,5.374278069,2.779102325,2.03217411,2.29330225,4.310268974,1.245352077,9.147423077,2.880826998,1.709973836
2058,ssp585,5.560999489,0.844128942,5.056861877,2.99576664,2.14715147,2.471369934,4.682967758,1.25925808,8.881605434,2.14469676,1.626277417
2059,ssp585,5.842458344,0.874307013,5.58223629,2.898571968,2.431952477,2.596092415,5.103317833,1.381386566,8.193984318,2.1456285,1.667194145
2060,ssp585,6.207679367,1.110751963,5.500974655,3.30714798,2.310330868,2.5086586,4.951469994,1.653190422,8.428564358,2.639063406,1.893937842
2061,ssp585,5.714946365,0.757755136,5.432015419,3.315519333,2.52318573,2.295373631,4.609317398,1.574803638,9.160212803,2.836526918,1.713676225
2062,ssp585,5.680774307,0.877410746,5.241592407,3.300889969,2.183833599,2.337219429,4.247311211,1.1956604,8.693349171,2.613641787,1.540456352
2063,ssp585,5.659379578,1.186592436,5.094950676,2.940767288,2.084323406,2.360288811,4.488599396,1.332376766,8.39993124,3.204172659,1.514513826
2064,ssp585,5.471507645,1.01511178,5.241481781,3.234016418,2.387282848,1.792682838,4.028652763,1.433009911,9.381383228,2.732906389,1.420467132
2065,ssp585,6.249591446,0.787188864,5.479512215,3.436220169,2.459321022,2.480061722,4.902453995,1.763984489,9.507692623,1.333155203,1.615606949
2066,ssp585,6.565443611,0.990958071,5.491264343,3.49746418,2.559084892,2.69994421,5.200619316,1.571782398,9.328337955,1.468682337,1.677447029
2067,ssp585,6.137843704,1.046148634,5.096505165,3.337789536,2.035562515,2.230633926,4.386249161,1.316052246,8.811487484,2.657015371,1.56104079
2068,ssp585,5.976038551,0.583142138,5.088576317,3.545418739,2.357269287,2.127623749,3.657469368,1.695546436,9.511570263,2.193938303,1.446956166
2069,ssp585,6.234510994,0.902289248,5.039806366,3.427238464,2.314536095,2.159034443,4.636066055,1.461547661,9.901653576,1.930580187,1.42953736
2070,ssp585,6.25763092,0.78210721,5.075799942,3.170735359,2.014845848,2.054038239,4.415756798,1.604213524,10.0089591,2.658486891,1.349368069
2071,ssp585,5.762695885,0.889090872,4.526452065,3.173651695,1.991732597,1.954412174,3.341893768,1.556314754,9.17835741,2.265470552,1.262129381
2072,ssp585,6.039029694,1.137077188,4.888028145,3.465333939,2.412981987,1.870706749,3.971969223,1.549607086,9.984363842,1.83923583,1.291116691
2073,ssp585,6.304400063,0.715405798,4.812951088,3.089286804,2.116212368,1.98791666,4.138991928,1.589473534,9.614815044,1.339780855,1.109149735
2074,ssp585,6.255830383,0.834009504,4.758083344,3.369179726,2.199696541,1.910239887,4.396031952,1.806044388,9.856366444,1.491787481,1.268308218
2075,ssp585,6.121167755,0.659485674,4.321265221,3.210478783,1.777826309,1.452367496,3.170489883,1.59077816,8.86759119,0.976759958,1.014861205
2076,ssp585,6.448485947,0.57636342,4.181443214,3.422837257,2.007162094,1.844774437,3.932256317,1.867461967,9.669233608,0.593508768,1.044362782
2077,ssp585,5.962452507,0.323563433,3.961572647,3.500058174,2.004196167,1.388272953,3.307048416,1.512162018,8.508518505,1.290329504,0.857452527
2078,ssp585,5.892352676,0.738140917,4.261059761,3.614845276,1.827376842,1.440017891,2.851631737,1.265776443,8.837428379,0.497695494,0.849394642
2079,ssp585,6.083342171,0.691062307,3.757565498,3.325279236,1.748913288,1.556410503,3.53461132,1.41564064,9.573375034,0.759633589,0.8415902
2080,ssp585,5.96002636,0.134629583,3.772530556,3.246733665,1.536296844,1.218320084,2.633786774,1.51103096,8.679765034,0.738211203,0.678145086
2081,ssp585,5.701308823,0.208261824,3.350881577,3.297842979,1.58726263,1.012092781,2.098203278,1.317703056,8.70198946,0.648949671,0.530955105
2082,ssp585,5.666968918,0.349626398,3.702408791,3.369983673,1.960279942,1.117427063,2.33140049,1.6737607,8.386201191,-0.50764842,0.482983058
2083,ssp585,6.140341377,0.062340117,3.998862267,3.621436119,1.917247295,1.163803291,3.479192352,1.653332043,9.052841473,-0.753323507,0.580151083
2084,ssp585,5.009107208,0.249149179,2.985982895,2.705579758,0.878409863,0.559869957,2.011590576,1.074243355,7.781380939,0.117087889,0.086417951
2085,ssp585,4.801869965,0.24174819,2.861253738,2.933707237,1.520818233,0.271760654,0.665320015,1.341287899,7.53071146,-0.157381487,0.070554845
2086,ssp585,5.076305008,-0.028850698,2.757892609,2.955667496,1.392515659,0.395644379,1.309469795,1.071591187,8.154767323,-1.308636141,-0.227657299
2087,ssp585,4.730539894,-0.033107901,2.354634285,2.608319283,0.946644306,0.28552742,1.386157608,0.647017765,7.615599918,-1.070707273,-0.33302761
2088,ssp585,4.545929527,-0.348982954,1.839471817,2.266611099,0.776790619,-0.271143246,0.157600975,0.625139999,7.441056538,-1.367601824,-0.454330887
2089,ssp585,4.31912384,-0.331254148,1.543499947,2.550442696,0.694205761,-0.342796612,0.630842781,0.499358463,6.48558073,-2.003071737,-0.676465335
2090,ssp585,4.583025551,-0.359375143,1.648490906,2.48445797,0.702665806,-0.243475246,0.453169441,0.607835579,6.235486317,-2.394081068,-0.682655966
2091,ssp585,4.161074257,-0.324892664,1.216510773,2.289312363,0.180899143,-0.788386631,-0.294292831,0.159781742,5.492835331,-1.522949171,-0.814687106
2092,ssp585,4.062675095,-0.454822206,1.291036606,2.292736053,0.698002815,-0.564514923,-0.101551437,0.590309429,5.897878933,-2.575447989,-0.798957018
2093,ssp585,3.844737625,-0.595144892,0.465360641,1.716879845,0.110350609,-1.11978941,-0.688355827,-0.282910061,5.195269871,-2.508742762,-1.267812408
2094,ssp585,3.347903824,-0.736190939,0.319901466,1.591148376,0.096161842,-0.996687698,-1.69162693,0.017787743,4.839496899,-3.617011976,-1.325641712
2095,ssp585,3.603818512,-0.781860971,0.08288765,1.637793541,-0.462169647,-1.152422237,-0.736978912,-0.390299511,4.500425625,-3.53992219,-1.55791197
2096,ssp585,3.113567924,-0.885844374,-0.469603539,1.74836731,-0.42447567,-1.41869669,-1.548328781,-0.416950417,3.849441814,-3.848854971,-1.811250428
2097,ssp585,2.564408875,-1.306758547,-0.872442245,1.513378143,-0.543957233,-1.696412373,-2.961878204,-0.525136185,2.825778294,-4.185434294,-1.951708154
2098,ssp585,2.903944588,-1.522719526,-1.116890907,1.182632446,-0.801314354,-2.113455105,-2.535520935,-1.035303307,3.111668873,-4.637278032,-2.246748436
2099,ssp585,2.255510902,-1.48331728,-1.634010315,1.007258415,-0.798371315,-2.165590572,-3.476729774,-1.178423595,1.810905743,-4.789622736,-2.368095105
2100,ssp585,1.94764576,-1.649161959,-2.00609684,1.043633461,-1.23716259,-2.595953274,-4.2780756,-1.395466042,1.023602772,-4.674163294,-2.671674488
